{
"type": "FeatureCollection",
"name": "C:\\Users\\Noah\\Desktop\\amazonas.geojson",
"crs": { "type": "name", "properties": { "name": "urn:ogc:def:crs:OGC:1.3:CRS84" } },
"features": [
{ "type": "Feature", "properties": { "CCDD": 1, "DEPARTAMEN": "AMAZONAS", "OBJECTID": 1, "ESRI_OID": 1 }, "geometry": { "type": "Polygon", "coordinates": [ [ [ -77.813989361999973, -2.992779470999949 ], [ -77.81482523699998, -2.995836345999976 ], [ -77.814986236999971, -2.996188970999981 ], [ -77.815388611999936, -2.99707034599993 ], [ -77.816393236999943, -2.998440220999953 ], [ -77.817250986999966, -3.000792095999941 ], [ -77.816946611999981, -3.002784345999942 ], [ -77.816844986999968, -3.002916970999934 ], [ -77.814811361999944, -3.006112470999938 ], [ -77.814398361999963, -3.007498720999934 ], [ -77.814335986999936, -3.00968159599995 ], [ -77.814060736999977, -3.010285720999946 ], [ -77.813471361999973, -3.010861345999956 ], [ -77.81264011199994, -3.011329845999967 ], [ -77.812148236999974, -3.011827095999934 ], [ -77.81179911199996, -3.012275595999938 ], [ -77.811591611999972, -3.012542095999947 ], [ -77.811497986999939, -3.013057845999981 ], [ -77.811427736999974, -3.014061095999978 ], [ -77.811538986999949, -3.015109720999931 ], [ -77.811497986999939, -3.016343095999957 ], [ -77.811237611999957, -3.016778845999966 ], [ -77.811236736999945, -3.016790095999966 ], [ -77.808263486999977, -3.022954095999978 ], [ -77.807456986999966, -3.024242220999952 ], [ -77.806139736999967, -3.026346095999941 ], [ -77.799739361999968, -3.035637220999945 ], [ -77.795820111999944, -3.040570970999966 ], [ -77.795345361999978, -3.041002720999927 ], [ -77.793147236999971, -3.043981345999953 ], [ -77.792686361999984, -3.046101345999944 ], [ -77.792540986999938, -3.048683720999975 ], [ -77.79220836199994, -3.049647845999971 ], [ -77.790670611999985, -3.054439345999981 ], [ -77.78927598699994, -3.061908845999938 ], [ -77.78927598699994, -3.065780095999969 ], [ -77.789757736999945, -3.069692220999968 ], [ -77.789694861999976, -3.070359345999975 ], [ -77.788551611999935, -3.073218220999934 ], [ -77.787664111999959, -3.074775345999967 ], [ -77.788306611999985, -3.076403970999934 ], [ -77.789613611999982, -3.078772845999936 ], [ -77.791407861999971, -3.081371471999944 ], [ -77.791809236999939, -3.082282846999931 ], [ -77.79430698699997, -3.087952221999956 ], [ -77.794452111999988, -3.08925884699994 ], [ -77.794344611999975, -3.090111346999947 ], [ -77.792232736999949, -3.09355997199998 ], [ -77.791492486999971, -3.094768721999969 ], [ -77.788162736999936, -3.10001309699993 ], [ -77.786433236999983, -3.102736971999946 ], [ -77.785827861999962, -3.106282721999946 ], [ -77.786297986999955, -3.10862597199997 ], [ -77.788823611999987, -3.111881596999979 ], [ -77.79041786199997, -3.114665596999941 ], [ -77.790566361999936, -3.115540971999962 ], [ -77.790802861999964, -3.116817721999951 ], [ -77.790941736999969, -3.117567596999947 ], [ -77.790936486999954, -3.117630346999931 ], [ -77.788054736999982, -3.138039096999933 ], [ -77.786132111999962, -3.153290346999938 ], [ -77.786060986999985, -3.153460596999935 ], [ -77.78578061199994, -3.155518346999941 ], [ -77.78365936199998, -3.171091596999929 ], [ -77.783287111999982, -3.174232471999971 ], [ -77.78139848699999, -3.181632846999946 ], [ -77.778524611999956, -3.187176221999948 ], [ -77.777855361999968, -3.191860721999944 ], [ -77.777604486999962, -3.198720346999949 ], [ -77.777825361999987, -3.201602846999947 ], [ -77.779277486999945, -3.220553721999977 ], [ -77.779150361999939, -3.227124971999956 ], [ -77.778759736999973, -3.258011721999935 ], [ -77.779887361999954, -3.272711471999969 ], [ -77.779849611999964, -3.291578096999956 ], [ -77.779849611999964, -3.291579971999965 ], [ -77.776466736999964, -3.313294971999937 ], [ -77.77527523699996, -3.32405997199993 ], [ -77.77726611199995, -3.34443797199998 ], [ -77.778349611999943, -3.359292971999935 ], [ -77.777627111999948, -3.366865846999929 ], [ -77.777807236999934, -3.371791096999971 ], [ -77.777954861999945, -3.375825096999961 ], [ -77.777561236999986, -3.378776971999969 ], [ -77.777954861999945, -3.381630346999941 ], [ -77.776669861999949, -3.38553122199994 ], [ -77.776774111999941, -3.390387221999958 ], [ -77.776134611999964, -3.401456346999964 ], [ -77.776478861999976, -3.409130971999957 ], [ -77.774964861999933, -3.418039096999962 ], [ -77.773270611999976, -3.425475721999931 ], [ -77.772543236999979, -3.428809471999955 ], [ -77.768902736999962, -3.437861596999937 ], [ -77.767328486999986, -3.44081334699996 ], [ -77.76687511199998, -3.441125471999953 ], [ -77.76519386199999, -3.442283096999972 ], [ -77.764266486999986, -3.44352472199995 ], [ -77.764142611999944, -3.444835971999964 ], [ -77.763540361999958, -3.446913721999977 ], [ -77.763647611999943, -3.451348096999936 ], [ -77.763687986999969, -3.453013971999951 ], [ -77.762605486999973, -3.45679297199996 ], [ -77.760539361999975, -3.459802971999977 ], [ -77.754881861999934, -3.461229721999928 ], [ -77.753012486999978, -3.462410471999931 ], [ -77.749470236999969, -3.469937346999927 ], [ -77.746813611999983, -3.475201471999981 ], [ -77.746075736999956, -3.480170346999955 ], [ -77.74564223699997, -3.482228971999973 ], [ -77.742447236999965, -3.486070346999952 ], [ -77.733685486999946, -3.494644471999948 ], [ -77.729398236999941, -3.500439096999969 ], [ -77.728709486999946, -3.503686096999957 ], [ -77.727725486999987, -3.505457096999976 ], [ -77.722994111999981, -3.508140596999965 ], [ -77.720247736999966, -3.50934359699994 ], [ -77.716459611999937, -3.512442971999974 ], [ -77.71513123699998, -3.514853596999956 ], [ -77.71176948699997, -3.523587846999931 ], [ -77.711331736999966, -3.524992346999966 ], [ -77.710894486999962, -3.526257846999954 ], [ -77.711925486999974, -3.529560721999928 ], [ -77.713458611999954, -3.531875471999967 ], [ -77.715872986999955, -3.53572259699996 ], [ -77.717201486999954, -3.537307471999952 ], [ -77.717689486999973, -3.538812221999933 ], [ -77.717820361999941, -3.539992221999967 ], [ -77.716459611999937, -3.542305096999939 ], [ -77.713250486999982, -3.544934846999979 ], [ -77.713163486999974, -3.545010846999958 ], [ -77.709099611999989, -3.547540971999979 ], [ -77.699727486999961, -3.552494971999977 ], [ -77.69220986199997, -3.554882846999931 ], [ -77.689839861999985, -3.555693346999931 ], [ -77.685964486999978, -3.558190346999936 ], [ -77.682022236999956, -3.560802846999934 ], [ -77.67887086199994, -3.562859221999929 ], [ -77.670411986999966, -3.568379096999934 ], [ -77.66667298699997, -3.57187197199994 ], [ -77.663032486999953, -3.576447221999956 ], [ -77.659337861999973, -3.582435596999971 ], [ -77.657280611999965, -3.587135596999929 ], [ -77.652285736999943, -3.597909846999926 ], [ -77.651126986999941, -3.600996221999935 ], [ -77.649126861999946, -3.609075846999929 ], [ -77.648839111999962, -3.610238096999979 ], [ -77.645642736999946, -3.616392596999958 ], [ -77.64483073699995, -3.617362596999953 ], [ -77.643009611999958, -3.619346346999976 ], [ -77.639665986999944, -3.620007846999954 ], [ -77.635187486999939, -3.620625471999972 ], [ -77.630956611999977, -3.620330346999936 ], [ -77.626329861999977, -3.62032809699997 ], [ -77.624118361999933, -3.620428721999929 ], [ -77.62195361199997, -3.620527096999979 ], [ -77.620674611999959, -3.62141259699996 ], [ -77.61996673699997, -3.622408221999933 ], [ -77.619892111999945, -3.622908596999935 ], [ -77.619247861999952, -3.626430596999967 ], [ -77.61851848699996, -3.628729221999947 ], [ -77.617658236999944, -3.631396471999949 ], [ -77.616935611999963, -3.634301971999946 ], [ -77.617132486999935, -3.636712596999928 ], [ -77.61870111199994, -3.64319134699997 ], [ -77.619887486999971, -3.646305846999951 ], [ -77.620199111999966, -3.648027346999925 ], [ -77.620213486999944, -3.648856346999935 ], [ -77.619841736999945, -3.649714096999958 ], [ -77.619412861999933, -3.650414471999966 ], [ -77.618426736999936, -3.650900471999933 ], [ -77.617525986999965, -3.651344346999963 ], [ -77.616836611999986, -3.651952721999976 ], [ -77.616716736999933, -3.652400346999968 ], [ -77.617914736999978, -3.653630971999974 ], [ -77.619445361999965, -3.655300721999936 ], [ -77.620140611999943, -3.656388721999974 ], [ -77.620658236999986, -3.657708971999966 ], [ -77.621062486999961, -3.659316471999944 ], [ -77.621221236999986, -3.66158209699995 ], [ -77.621238861999984, -3.661832846999971 ], [ -77.621359361999964, -3.664326346999928 ], [ -77.620271361999983, -3.668464721999953 ], [ -77.620227486999966, -3.668624221999949 ], [ -77.619465486999957, -3.671397221999939 ], [ -77.617783236999969, -3.674724596999965 ], [ -77.61847136199998, -3.677204596999957 ], [ -77.618706736999968, -3.67818497199994 ], [ -77.620896736999953, -3.681846721999932 ], [ -77.621352736999938, -3.686109346999956 ], [ -77.619751236999946, -3.69260497199997 ], [ -77.619623236999985, -3.693123846999924 ], [ -77.619459236999944, -3.693789346999949 ], [ -77.619445361999965, -3.693845721999935 ], [ -77.61890361199994, -3.696043221999957 ], [ -77.618949236999981, -3.700093721999963 ], [ -77.618067111999949, -3.703471846999946 ], [ -77.617988361999949, -3.703603721999968 ], [ -77.616308361999984, -3.705727471999978 ], [ -77.615622986999938, -3.707718721999925 ], [ -77.618067111999949, -3.710605346999955 ], [ -77.62001761199997, -3.713011721999976 ], [ -77.622302736999984, -3.717730471999971 ], [ -77.624194111999941, -3.723114596999949 ], [ -77.625645486999986, -3.728420846999938 ], [ -77.626052361999939, -3.734964346999959 ], [ -77.629558236999969, -3.739747596999962 ], [ -77.629628236999963, -3.739827721999973 ], [ -77.630861486999947, -3.741240971999957 ], [ -77.632267611999964, -3.74291797199993 ], [ -77.63602373699996, -3.745780596999964 ], [ -77.639516736999951, -3.747945221999942 ], [ -77.64158798699998, -3.750100846999942 ], [ -77.643206486999986, -3.753061596999942 ], [ -77.64374761199997, -3.755521471999941 ], [ -77.643984361999969, -3.760570346999941 ], [ -77.645386736999967, -3.764732471999935 ], [ -77.647830861999978, -3.772198971999956 ], [ -77.650192236999942, -3.777512096999942 ], [ -77.651822236999976, -3.779009721999955 ], [ -77.651914111999986, -3.780562346999943 ], [ -77.651569736999988, -3.78184147199994 ], [ -77.650438236999946, -3.783268096999961 ], [ -77.648667236999984, -3.784891596999955 ], [ -77.644337978999943, -3.788532096999973 ], [ -77.644212486999947, -3.788681096999937 ], [ -77.641235611999946, -3.792872096999929 ], [ -77.63915323699996, -3.795822096999927 ], [ -77.635740486999964, -3.801259346999927 ], [ -77.633253111999977, -3.806465346999971 ], [ -77.632616986999949, -3.808258471999977 ], [ -77.632038486999988, -3.811324221999939 ], [ -77.631402236999975, -3.81352222199996 ], [ -77.628220861999978, -3.817050721999976 ], [ -77.625609611999948, -3.819233096999938 ], [ -77.625603486999978, -3.819238221999967 ], [ -77.623130611999954, -3.822140971999943 ], [ -77.621626611999943, -3.822892971999977 ], [ -77.618961111999965, -3.823462096999947 ], [ -77.614623861999974, -3.823801096999944 ], [ -77.612950736999949, -3.824150096999972 ], [ -77.610474736999947, -3.824750596999934 ], [ -77.609236361999933, -3.825242221999929 ], [ -77.606320486999948, -3.828206846999933 ], [ -77.598919861999946, -3.835662096999954 ], [ -77.598899236999955, -3.836412221999979 ], [ -77.598925736999945, -3.841978471999937 ], [ -77.598481861999971, -3.842664471999967 ], [ -77.590910861999987, -3.852437971999962 ], [ -77.582520986999953, -3.861910346999935 ], [ -77.581915986999945, -3.862816346999978 ], [ -77.578618611999957, -3.865033471999936 ], [ -77.57528698699997, -3.867535221999958 ], [ -77.573309111999947, -3.869281971999953 ], [ -77.571125736999988, -3.871439596999949 ], [ -77.569404861999942, -3.872749596999938 ], [ -77.56833723699998, -3.873210596999968 ], [ -77.56714448699995, -3.873725596999975 ], [ -77.565012611999975, -3.874393596999937 ], [ -77.562598111999989, -3.875395221999952 ], [ -77.561493611999936, -3.876165846999925 ], [ -77.561255861999939, -3.87686509699995 ], [ -77.56169386199997, -3.877556096999967 ], [ -77.563702611999986, -3.878554596999948 ], [ -77.565191611999978, -3.879223221999951 ], [ -77.566373986999963, -3.880095721999965 ], [ -77.567375736999963, -3.881251721999945 ], [ -77.567572236999979, -3.881843721999928 ], [ -77.568171986999971, -3.883640346999925 ], [ -77.568300361999945, -3.885746596999979 ], [ -77.568748611999979, -3.887646346999929 ], [ -77.568969361999962, -3.890122221999945 ], [ -77.569018611999979, -3.893073971999968 ], [ -77.568541361999962, -3.89454372199998 ], [ -77.568106736999937, -3.895882721999953 ], [ -77.567817236999986, -3.896371346999956 ], [ -77.563943236999989, -3.900494846999948 ], [ -77.563206611999988, -3.901332471999979 ], [ -77.560878861999981, -3.904015596999955 ], [ -77.560419611999976, -3.905896346999953 ], [ -77.557162236999943, -3.918164096999931 ], [ -77.556149611999956, -3.919824471999959 ], [ -77.552931361999981, -3.925100721999968 ], [ -77.547013611999944, -3.932966846999932 ], [ -77.545775486999958, -3.934605096999974 ], [ -77.544196486999965, -3.937350971999933 ], [ -77.541772861999959, -3.943334221999976 ], [ -77.541370236999967, -3.948124596999946 ], [ -77.54101598699998, -3.949521721999929 ], [ -77.54040336199995, -3.951937971999939 ], [ -77.537877361999961, -3.961899471999971 ], [ -77.539096736999966, -3.974452596999924 ], [ -77.539124361999939, -3.974737221999931 ], [ -77.539735986999972, -3.977934346999973 ], [ -77.539943611999945, -3.979019846999961 ], [ -77.539964861999977, -3.979089846999955 ], [ -77.541151986999978, -3.982788596999967 ], [ -77.541229361999967, -3.986378221999928 ], [ -77.538876986999981, -3.99247259699996 ], [ -77.538563361999934, -3.997153846999936 ], [ -77.538097361999974, -4.003469846999963 ], [ -77.538094111999953, -4.003618346999929 ], [ -77.53821748699994, -4.005917846999978 ], [ -77.539080111999965, -4.021669971999927 ], [ -77.538234861999968, -4.027856846999953 ], [ -77.538123361999965, -4.02870797199995 ], [ -77.53821136199997, -4.029232221999962 ], [ -77.540583111999979, -4.043368471999941 ], [ -77.540681486999972, -4.047205721999944 ], [ -77.541826111999967, -4.050773471999946 ], [ -77.542172986999958, -4.055126346999941 ], [ -77.542354236999984, -4.057044971999971 ], [ -77.542843111999957, -4.060336846999974 ], [ -77.542925736999962, -4.060893221999947 ], [ -77.543294486999969, -4.064240221999967 ], [ -77.543405986999971, -4.065252471999941 ], [ -77.543563361999986, -4.066681096999957 ], [ -77.543567111999948, -4.066714846999957 ], [ -77.543780861999949, -4.068655221999961 ], [ -77.544278236999958, -4.073064596999927 ], [ -77.544518861999961, -4.075198346999969 ], [ -77.547162111999967, -4.08483784699996 ], [ -77.548200986999973, -4.094021846999965 ], [ -77.548672361999934, -4.09631309699995 ], [ -77.54904486199996, -4.098123846999954 ], [ -77.549143236999953, -4.101026346999959 ], [ -77.548539111999958, -4.104611471999931 ], [ -77.548405361999983, -4.105404846999932 ], [ -77.548772861999964, -4.106723971999941 ], [ -77.549655736999966, -4.109892846999969 ], [ -77.552017486999944, -4.112963846999946 ], [ -77.55283598699998, -4.113949221999974 ], [ -77.554505736999943, -4.119917721999968 ], [ -77.554836486999989, -4.120748846999959 ], [ -77.558376986999974, -4.129972596999949 ], [ -77.558798361999948, -4.131942471999935 ], [ -77.559961986999951, -4.138910471999964 ], [ -77.560979611999983, -4.143450346999941 ], [ -77.561196361999976, -4.14441747199993 ], [ -77.562403986999982, -4.147504721999951 ], [ -77.565587861999973, -4.155445347999944 ], [ -77.565652986999964, -4.161154472999954 ], [ -77.565712736999956, -4.163824222999949 ], [ -77.565889486999936, -4.164222597999981 ], [ -77.568999861999941, -4.16987697299993 ], [ -77.568074361999948, -4.171838597999965 ], [ -77.567591861999972, -4.179002222999941 ], [ -77.569984486999942, -4.187749347999954 ], [ -77.570128111999963, -4.188628347999952 ], [ -77.570323486999939, -4.189824972999929 ], [ -77.57037711199996, -4.190153097999939 ], [ -77.570856736999986, -4.193090472999927 ], [ -77.571159736999959, -4.194946097999946 ], [ -77.571160611999971, -4.194951472999946 ], [ -77.571117236999953, -4.195158222999964 ], [ -77.572866361999957, -4.202663972999972 ], [ -77.573643111999957, -4.20615872299993 ], [ -77.574671986999988, -4.208316347999926 ], [ -77.575497111999937, -4.210046472999977 ], [ -77.576276361999987, -4.214599972999963 ], [ -77.576537361999954, -4.216124847999936 ], [ -77.576975111999957, -4.21826297299998 ], [ -77.576622986999951, -4.224040972999944 ], [ -77.578562611999985, -4.232331097999975 ], [ -77.580603486999962, -4.24071284799993 ], [ -77.583678986999985, -4.248172222999926 ], [ -77.585550736999949, -4.25133397299993 ], [ -77.58477748699994, -4.256146472999944 ], [ -77.58406348699998, -4.260551472999964 ], [ -77.582976611999982, -4.266669972999978 ], [ -77.582668611999964, -4.268403597999963 ], [ -77.582384736999984, -4.270087847999946 ], [ -77.581795986999964, -4.271492972999965 ], [ -77.580056111999966, -4.274041472999954 ], [ -77.579560486999981, -4.276179722999927 ], [ -77.580678111999987, -4.290087347999929 ], [ -77.579005361999975, -4.301156472999935 ], [ -77.578210611999964, -4.303607597999928 ], [ -77.577150861999939, -4.306876097999975 ], [ -77.577042486999972, -4.307209972999942 ], [ -77.576705111999956, -4.307939472999976 ], [ -77.575638736999963, -4.312593722999964 ], [ -77.57554648699994, -4.312844722999955 ], [ -77.57454611199995, -4.316702722999935 ], [ -77.571562486999937, -4.328806597999971 ], [ -77.570902486999955, -4.336444972999971 ], [ -77.570233361999954, -4.341389597999978 ], [ -77.568033236999952, -4.350490222999952 ], [ -77.568220486999962, -4.351723472999936 ], [ -77.567886986999952, -4.354495472999929 ], [ -77.567755611999985, -4.355587097999944 ], [ -77.565859236999984, -4.365535722999937 ], [ -77.565386861999968, -4.372462472999928 ], [ -77.56694523699997, -4.380438722999941 ], [ -77.567065486999979, -4.381054347999964 ], [ -77.567210861999968, -4.381798597999932 ], [ -77.567889861999959, -4.38527384799994 ], [ -77.567948236999939, -4.386029722999979 ], [ -77.568162111999982, -4.388412097999947 ], [ -77.567960236999966, -4.388858972999969 ], [ -77.567779736999967, -4.389433222999969 ], [ -77.564879486999985, -4.393551847999959 ], [ -77.564657861999933, -4.39487184799998 ], [ -77.565066361999982, -4.398898472999974 ], [ -77.566058736999935, -4.40514847299994 ], [ -77.56643498699998, -4.406507222999949 ], [ -77.566602986999953, -4.407179222999957 ], [ -77.567635111999948, -4.412976347999972 ], [ -77.568452861999958, -4.417569472999958 ], [ -77.568275361999952, -4.420919972999968 ], [ -77.56893211199997, -4.421918597999934 ], [ -77.573490486999958, -4.430439222999951 ], [ -77.573726611999973, -4.435353472999964 ], [ -77.574513736999961, -4.438822222999931 ], [ -77.575683611999978, -4.44261972299995 ], [ -77.575811611999939, -4.443035347999967 ], [ -77.57592686199996, -4.443289972999935 ], [ -77.577111361999982, -4.44590647299998 ], [ -77.577835611999944, -4.447596472999976 ], [ -77.578663236999944, -4.449527597999975 ], [ -77.579000486999973, -4.450314472999935 ], [ -77.57974823699999, -4.454525722999961 ], [ -77.581001986999979, -4.459540972999946 ], [ -77.585265361999973, -4.472890847999963 ], [ -77.585943111999939, -4.475013097999977 ], [ -77.587603736999938, -4.477891972999942 ], [ -77.589087861999985, -4.48046484799994 ], [ -77.591048111999953, -4.482654722999939 ], [ -77.594386236999981, -4.484356847999948 ], [ -77.597973111999977, -4.485163972999942 ], [ -77.601111611999954, -4.48547784799996 ], [ -77.60335736199994, -4.485702347999961 ], [ -77.604307861999985, -4.485725722999973 ], [ -77.60454686199995, -4.485810597999944 ], [ -77.604576361999989, -4.486220222999975 ], [ -77.604576361999989, -4.486749972999974 ], [ -77.604732736999949, -4.487679472999957 ], [ -77.606805861999987, -4.490678847999959 ], [ -77.607887736999942, -4.492244097999958 ], [ -77.60877398699995, -4.492815972999949 ], [ -77.611020486999962, -4.494265722999955 ], [ -77.617521736999947, -4.495879847999959 ], [ -77.622408861999986, -4.496193722999976 ], [ -77.628013361999933, -4.496553597999934 ], [ -77.631626986999947, -4.496548847999975 ], [ -77.632529236999972, -4.496482347999972 ], [ -77.634585611999967, -4.496330722999971 ], [ -77.636585736999962, -4.496427597999968 ], [ -77.638119236999955, -4.496369972999958 ], [ -77.640022736999981, -4.496298597999953 ], [ -77.640630861999966, -4.496515597999974 ], [ -77.64076036199998, -4.497488347999933 ], [ -77.640665236999951, -4.49882084799998 ], [ -77.640879361999964, -4.502509097999962 ], [ -77.640974486999937, -4.507505972999979 ], [ -77.640855611999939, -4.508743222999954 ], [ -77.641045986999984, -4.509528472999932 ], [ -77.641352611999935, -4.510060722999981 ], [ -77.643092236999962, -4.51055159799995 ], [ -77.645425986999953, -4.511210222999978 ], [ -77.647318111999937, -4.512249972999939 ], [ -77.650170861999982, -4.513982847999955 ], [ -77.652752861999943, -4.51521534799997 ], [ -77.654148486999986, -4.516402347999929 ], [ -77.654418111999973, -4.516847972999926 ], [ -77.65545698699998, -4.518544972999962 ], [ -77.655677486999934, -4.521840097999927 ], [ -77.654960611999968, -4.52826072299996 ], [ -77.654779736999956, -4.529881222999961 ], [ -77.654646236999952, -4.531076347999942 ], [ -77.654202986999962, -4.531965097999944 ], [ -77.653802736999978, -4.532869097999935 ], [ -77.651919611999972, -4.537051347999977 ], [ -77.650387361999947, -4.542077722999977 ], [ -77.649015611999971, -4.546415972999966 ], [ -77.649826111999971, -4.547718722999946 ], [ -77.650969611999983, -4.549025097999959 ], [ -77.652506986999981, -4.549852597999973 ], [ -77.65384748699995, -4.55057409799997 ], [ -77.656632861999981, -4.55207347299995 ], [ -77.657297138999979, -4.55281032399995 ], [ -77.657297613999958, -4.552810849999958 ], [ -77.658606361999944, -4.554262347999952 ], [ -77.659391611999979, -4.556356222999966 ], [ -77.659653361999972, -4.557974222999974 ], [ -77.659181111999942, -4.560246097999936 ], [ -77.659008361999952, -4.561511722999967 ], [ -77.658769486999972, -4.56326159799994 ], [ -77.658676986999978, -4.563939472999948 ], [ -77.658599236999976, -4.564509347999945 ], [ -77.657390236999959, -4.566961722999963 ], [ -77.657207486999937, -4.567332347999979 ], [ -77.657022361999964, -4.569785347999925 ], [ -77.65638536199998, -4.571190722999972 ], [ -77.655797736999943, -4.572424722999926 ], [ -77.65385873699995, -4.573658722999937 ], [ -77.652613236999969, -4.574570347999952 ], [ -77.653120611999952, -4.575987347999956 ], [ -77.654304861999947, -4.577029097999969 ], [ -77.659249861999967, -4.581379097999957 ], [ -77.660027361999937, -4.582603472999949 ], [ -77.660959986999956, -4.588145722999968 ], [ -77.661027611999941, -4.588323722999974 ], [ -77.662484236999944, -4.591491847999976 ], [ -77.662936986999966, -4.593618597999978 ], [ -77.662924111999985, -4.595315472999971 ], [ -77.662921861999962, -4.595607472999973 ], [ -77.662885236999955, -4.595863222999981 ], [ -77.662603861999969, -4.59783022299996 ], [ -77.662620361999984, -4.600950722999926 ], [ -77.662614986999984, -4.60105184799994 ], [ -77.664322736999964, -4.607634722999933 ], [ -77.664899236999986, -4.609218222999971 ], [ -77.666158236999934, -4.615683597999976 ], [ -77.66712486199998, -4.617484597999976 ], [ -77.667368486999976, -4.618138722999959 ], [ -77.667994236999959, -4.618964347999963 ], [ -77.668695236999952, -4.619768847999978 ], [ -77.669123611999964, -4.621172847999958 ], [ -77.66950411199997, -4.623980472999961 ], [ -77.670219111999984, -4.625764347999962 ], [ -77.671169861999942, -4.626907222999932 ], [ -77.671822236999958, -4.627691347999928 ], [ -77.671851986999968, -4.628030597999953 ], [ -77.671945361999974, -4.629468472999974 ], [ -77.672571736999942, -4.630480347999935 ], [ -77.675619486999949, -4.634188472999938 ], [ -77.676499611999986, -4.634984722999945 ], [ -77.677618111999948, -4.635996847999934 ], [ -77.678454236999983, -4.637225972999943 ], [ -77.680449861999989, -4.640160847999937 ], [ -77.682545736999941, -4.641866722999964 ], [ -77.685615986999949, -4.645345722999934 ], [ -77.686501986999986, -4.646349597999972 ], [ -77.687065361999942, -4.648706722999975 ], [ -77.691038361999972, -4.652819597999951 ], [ -77.691377736999982, -4.653498222999929 ], [ -77.693037111999956, -4.656817097999976 ], [ -77.694512435999968, -4.658673173999944 ], [ -77.696677736999959, -4.659577222999928 ], [ -77.698605111999939, -4.659648597999933 ], [ -77.700246861999972, -4.659267972999942 ], [ -77.701879361999943, -4.65929684799994 ], [ -77.702935736999962, -4.659315472999936 ], [ -77.705338986999948, -4.659719972999937 ], [ -77.709500486999957, -4.661446972999954 ], [ -77.712673861999974, -4.663466222999944 ], [ -77.714190611999982, -4.664431347999937 ], [ -77.715969736999966, -4.66508797299997 ], [ -77.718681486999969, -4.667958972999941 ], [ -77.719971861999966, -4.67064247299993 ], [ -77.721351236999965, -4.672298722999926 ], [ -77.727039611999942, -4.680064472999959 ], [ -77.728562486999976, -4.681587222999951 ], [ -77.729019306999987, -4.682748335999975 ], [ -77.730055111999945, -4.685383347999959 ], [ -77.730489861999956, -4.686488847999954 ], [ -77.731394111999975, -4.68844022299993 ], [ -77.733918611999968, -4.689912847999949 ], [ -77.735658111999953, -4.691379722999955 ], [ -77.736106361999987, -4.69169459799997 ], [ -77.738357361999988, -4.692535097999951 ], [ -77.740195486999937, -4.694453597999939 ], [ -77.748374986999977, -4.698808597999971 ], [ -77.751333986999953, -4.700678597999968 ], [ -77.751382861999957, -4.700696222999966 ], [ -77.752782111999977, -4.701203347999979 ], [ -77.753721861999963, -4.701439972999935 ], [ -77.754118486999971, -4.701539847999925 ], [ -77.754437236999934, -4.701699472999962 ], [ -77.755958111999973, -4.702461222999943 ], [ -77.756981361999976, -4.703555722999965 ], [ -77.757493830999977, -4.704221093999934 ], [ -77.758466111999951, -4.705483472999958 ], [ -77.759931861999974, -4.707386722999956 ], [ -77.762844736999966, -4.709732722999945 ], [ -77.766524111999956, -4.713504847999957 ], [ -77.769864861999963, -4.716171097999961 ], [ -77.771878861999937, -4.717558597999925 ], [ -77.773224986999935, -4.720586597999954 ], [ -77.774343361999968, -4.722847097999932 ], [ -77.774819236999974, -4.726202222999973 ], [ -77.775223736999976, -4.728319847999956 ], [ -77.776461111999936, -4.72974759799996 ], [ -77.778602611999986, -4.731317972999932 ], [ -77.780621236999934, -4.732255097999939 ], [ -77.782392736999952, -4.732714222999959 ], [ -77.783054736999986, -4.732894472999931 ], [ -77.783652361999941, -4.733377722999933 ], [ -77.785003361999941, -4.735267972999964 ], [ -77.787311361999969, -4.739265472999932 ], [ -77.789725236999971, -4.744543847999978 ], [ -77.790386736999949, -4.746318347999932 ], [ -77.79049187399994, -4.746666482999956 ], [ -77.790492361999952, -4.74666809799993 ], [ -77.791130111999962, -4.753561847999947 ], [ -77.793869361999953, -4.757477972999936 ], [ -77.794685361999939, -4.76021684799997 ], [ -77.794621861999985, -4.763006847999975 ], [ -77.792920611999989, -4.768012222999971 ], [ -77.792664736999939, -4.770260722999978 ], [ -77.792222361999961, -4.771036722999952 ], [ -77.791322861999959, -4.772000347999949 ], [ -77.790134361999947, -4.77428109799996 ], [ -77.789845236999952, -4.775469597999972 ], [ -77.790230736999945, -4.77755759799993 ], [ -77.790198611999983, -4.779388597999969 ], [ -77.789556111999957, -4.782279597999946 ], [ -77.789267111999948, -4.785106472999928 ], [ -77.789449236999985, -4.786261722999939 ], [ -77.789673736999987, -4.78667859799998 ], [ -77.790327111999943, -4.787611972999969 ], [ -77.792864736999945, -4.790053347999958 ], [ -77.794310236999934, -4.791209722999952 ], [ -77.79540248699999, -4.793040722999933 ], [ -77.795389736999937, -4.794188222999935 ], [ -77.795145486999957, -4.797056097999928 ], [ -77.795382486999983, -4.798154972999953 ], [ -77.796453111999938, -4.80321284799993 ], [ -77.796056736999958, -4.804060222999965 ], [ -77.795317361999935, -4.805702222999969 ], [ -77.795210861999976, -4.809460847999958 ], [ -77.795206236999945, -4.809624847999942 ], [ -77.795145486999957, -4.811768222999945 ], [ -77.795113361999938, -4.81478784799998 ], [ -77.795515236999961, -4.817916472999968 ], [ -77.795815611999956, -4.818580847999954 ], [ -77.798970736999934, -4.822213472999977 ], [ -77.799208736999958, -4.823617472999956 ], [ -77.799113486999943, -4.824592847999952 ], [ -77.798813361999976, -4.825241097999935 ], [ -77.797169236999935, -4.828793347999977 ], [ -77.796720736999987, -4.829133597999942 ], [ -77.795205769999939, -4.830282958999931 ], [ -77.795205111999962, -4.830283222999981 ], [ -77.792595736999942, -4.83180884799998 ], [ -77.792047361999948, -4.832479097999965 ], [ -77.791842361999954, -4.832951222999952 ], [ -77.791745611999943, -4.833774847999962 ], [ -77.792257236999944, -4.834661847999939 ], [ -77.792553486999964, -4.835175222999965 ], [ -77.793557111999974, -4.836103597999966 ], [ -77.79484423699995, -4.837680722999949 ], [ -77.795294861999935, -4.839234347999934 ], [ -77.795240736999972, -4.840629972999977 ], [ -77.794804111999952, -4.845300347999967 ], [ -77.793574861999957, -4.849963472999946 ], [ -77.791840986999944, -4.85215534799994 ], [ -77.790517486999988, -4.85382859799995 ], [ -77.787817486999984, -4.856824347999975 ], [ -77.787489611999945, -4.857855222999945 ], [ -77.787456361999944, -4.858449722999978 ], [ -77.787398111999948, -4.85948759799993 ], [ -77.786925111999949, -4.861287847999961 ], [ -77.786693236999952, -4.861883722999949 ], [ -77.784343736999972, -4.862996722999981 ], [ -77.783641486999954, -4.863329222999937 ], [ -77.782436986999983, -4.864895222999962 ], [ -77.781585361999987, -4.867485597999973 ], [ -77.78073823699998, -4.870189472999925 ], [ -77.780076861999987, -4.870757847999926 ], [ -77.778943611999978, -4.871841722999932 ], [ -77.774802736999959, -4.878218722999975 ], [ -77.774124986999936, -4.880060472999958 ], [ -77.773681611999962, -4.88276172299993 ], [ -77.773859611999967, -4.884827722999944 ], [ -77.774194236999961, -4.888713222999968 ], [ -77.774064486999976, -4.890457097999956 ], [ -77.773788111999977, -4.891669097999966 ], [ -77.773430486999985, -4.892289097999935 ], [ -77.772570736999967, -4.894072347999952 ], [ -77.772143236999966, -4.894958847999931 ], [ -77.771762986999988, -4.895747222999944 ], [ -77.771237486999951, -4.896508347999941 ], [ -77.769148861999952, -4.898782222999955 ], [ -77.768006986999978, -4.900025097999958 ], [ -77.766616486999965, -4.900792347999925 ], [ -77.764568611999948, -4.902559097999927 ], [ -77.760972611999989, -4.907562472999928 ], [ -77.760151736999944, -4.90934509799996 ], [ -77.760432861999959, -4.910951222999927 ], [ -77.761838236999949, -4.913199847999977 ], [ -77.762681111999939, -4.914059972999951 ], [ -77.764304736999975, -4.915716847999931 ], [ -77.765373361999934, -4.916627597999934 ], [ -77.766493736999962, -4.91841534799994 ], [ -77.766922736999959, -4.920513097999958 ], [ -77.766931611999951, -4.921218722999981 ], [ -77.766611986999976, -4.922386972999959 ], [ -77.76648086199998, -4.922855597999956 ], [ -77.766354736999972, -4.923927847999948 ], [ -77.764303611999935, -4.927816347999965 ], [ -77.76344536199997, -4.930712722999942 ], [ -77.763385736999965, -4.932051722999972 ], [ -77.763284486999964, -4.934324222999976 ], [ -77.762730236999971, -4.937935597999967 ], [ -77.762072236999984, -4.939904097999943 ], [ -77.761490736999974, -4.942271222999977 ], [ -77.761158611999974, -4.944970597999941 ], [ -77.759331236999969, -4.948043722999955 ], [ -77.75844548699996, -4.950052722999942 ], [ -77.75928973699996, -4.95178134799994 ], [ -77.762155236999945, -4.953317972999969 ], [ -77.765602111999954, -4.954397597999957 ], [ -77.768176986999947, -4.955934222999929 ], [ -77.770045736999975, -4.958425972999976 ], [ -77.770646736999936, -4.960651472999928 ], [ -77.770557486999962, -4.961692472999971 ], [ -77.771538986999985, -4.96419084799993 ], [ -77.774154236999948, -4.968330222999953 ], [ -77.778373861999967, -4.975033347999954 ], [ -77.782761361999974, -4.982453472999964 ], [ -77.784158361999971, -4.98431884799993 ], [ -77.78626736199999, -4.988049972999931 ], [ -77.789230486999941, -4.990468722999935 ], [ -77.791133986999967, -4.993241097999942 ], [ -77.794135111999935, -4.996972222999943 ], [ -77.796325111999977, -4.999324472999945 ], [ -77.80067386199994, -5.005445347999967 ], [ -77.80654186199996, -5.013135222999949 ], [ -77.807151111999985, -5.013936722999972 ], [ -77.808335111999952, -5.015494347999947 ], [ -77.809136986999988, -5.015934097999946 ], [ -77.809487736999984, -5.016126347999943 ], [ -77.811010111999963, -5.017817972999978 ], [ -77.815845361999948, -5.023190347999957 ], [ -77.81642186199997, -5.023837722999929 ], [ -77.81762986199999, -5.024640347999934 ], [ -77.824619611999935, -5.031778722999945 ], [ -77.825957986999981, -5.035050472999956 ], [ -77.825742236999986, -5.037144472999955 ], [ -77.824842611999941, -5.037541472999976 ], [ -77.820085111999958, -5.037383972999976 ], [ -77.819228611999961, -5.037355597999976 ], [ -77.816031236999947, -5.03828509799996 ], [ -77.815660236999975, -5.038547222999966 ], [ -77.814327236999986, -5.039489597999932 ], [ -77.813874736999935, -5.039809472999934 ], [ -77.813354361999984, -5.041259347999926 ], [ -77.814060736999977, -5.044493972999931 ], [ -77.814915986999949, -5.048025972999937 ], [ -77.814432486999976, -5.051818347999927 ], [ -77.813168361999942, -5.053416972999969 ], [ -77.811931611999967, -5.054714847999946 ], [ -77.811817381999958, -5.056345318999945 ], [ -77.812790611999958, -5.05812997299995 ], [ -77.817076861999965, -5.062363222999977 ], [ -77.817879111999957, -5.063792597999964 ], [ -77.818298111999979, -5.065328972999964 ], [ -77.818291611999939, -5.066312722999953 ], [ -77.818514986999958, -5.067414472999928 ], [ -77.818794736999962, -5.068794222999941 ], [ -77.819208986999968, -5.070613222999953 ], [ -77.819750236999937, -5.072522972999934 ], [ -77.821547986999974, -5.078294722999942 ], [ -77.821821986999964, -5.07917484799998 ], [ -77.822277486999951, -5.081792722999978 ], [ -77.821762111999988, -5.085665722999977 ], [ -77.821370986999966, -5.087118347999933 ], [ -77.820809986999961, -5.08880572299995 ], [ -77.820254736999971, -5.089396222999937 ], [ -77.819168236999985, -5.09038684799998 ], [ -77.817660111999942, -5.091230472999939 ], [ -77.816007861999935, -5.09154872299996 ], [ -77.814355736999971, -5.091869097999961 ], [ -77.813055986999984, -5.09212109799995 ], [ -77.811453486999937, -5.092431722999947 ], [ -77.808783486999971, -5.092501972999969 ], [ -77.807476736999945, -5.091703472999939 ], [ -77.803145486999938, -5.087347972999964 ], [ -77.802080736999983, -5.086248722999926 ], [ -77.802018861999954, -5.086196722999944 ], [ -77.801322236999965, -5.085971847999929 ], [ -77.800900361999936, -5.08627509799993 ], [ -77.800556486999938, -5.086522222999974 ], [ -77.799835111999982, -5.087040972999944 ], [ -77.799519111999984, -5.087498847999939 ], [ -77.797976111999958, -5.089736222999932 ], [ -77.794955361999939, -5.092803597999932 ], [ -77.791004986999951, -5.095220222999956 ], [ -77.78670361199994, -5.096225222999976 ], [ -77.785406486999989, -5.096528097999965 ], [ -77.784120486999939, -5.096828597999945 ], [ -77.779822236999962, -5.096801597999956 ], [ -77.777222611999946, -5.096872972999961 ], [ -77.776182736999942, -5.096901597999931 ], [ -77.775096236999957, -5.096931472999927 ], [ -77.774286736999954, -5.09717797299993 ], [ -77.773869611999942, -5.097637722999934 ], [ -77.771670986999936, -5.100060972999927 ], [ -77.77024886199996, -5.101628347999963 ], [ -77.768713361999971, -5.103292722999925 ], [ -77.767958986999986, -5.104801222999981 ], [ -77.767707736999967, -5.106337722999967 ], [ -77.767707736999967, -5.110891097999968 ], [ -77.767623111999967, -5.111314347999951 ], [ -77.767568111999935, -5.111589472999981 ], [ -77.765053861999945, -5.115220972999964 ], [ -77.762791236999988, -5.117707222999968 ], [ -77.758796486999984, -5.120584472999951 ], [ -77.755452486999957, -5.122407222999925 ], [ -77.754151236999974, -5.123894597999936 ], [ -77.752624611999977, -5.125465472999963 ], [ -77.745285111999976, -5.133017597999981 ], [ -77.74438198699994, -5.133713972999942 ], [ -77.739772736999953, -5.136619222999968 ], [ -77.734305111999959, -5.13805059799995 ], [ -77.728933986999948, -5.139848847999929 ], [ -77.727588611999977, -5.140299347999928 ], [ -77.723608361999936, -5.140663847999974 ], [ -77.722432736999963, -5.140574472999958 ], [ -77.720855736999965, -5.140454722999948 ], [ -77.719996361999961, -5.14062434799996 ], [ -77.719325111999979, -5.141171972999928 ], [ -77.718611361999933, -5.142343722999954 ], [ -77.715409111999975, -5.145400097999925 ], [ -77.715136361999953, -5.145660222999936 ], [ -77.711266986999988, -5.149353347999977 ], [ -77.709572736999974, -5.150235347999967 ], [ -77.708322736999946, -5.15082409799993 ], [ -77.707406361999972, -5.152405847999944 ], [ -77.706709486999955, -5.156447722999928 ], [ -77.70486286199997, -5.158642722999957 ], [ -77.702216611999972, -5.16080859799996 ], [ -77.698103361999983, -5.162475472999972 ], [ -77.69597786199995, -5.163660222999965 ], [ -77.69528098699999, -5.164740347999953 ], [ -77.69508061199997, -5.16671622299998 ], [ -77.69508386199999, -5.167103472999941 ], [ -77.697580611999967, -5.170802972999979 ], [ -77.701064986999938, -5.173346472999981 ], [ -77.702491861999988, -5.174206722999941 ], [ -77.703434236999954, -5.174775097999941 ], [ -77.704688736999969, -5.177667097999972 ], [ -77.705456861999949, -5.183747722999954 ], [ -77.706044986999984, -5.18595709799996 ], [ -77.706361111999968, -5.187144347999947 ], [ -77.707232111999986, -5.189548472999945 ], [ -77.708242611999935, -5.190907347999939 ], [ -77.710384986999941, -5.19134397299996 ], [ -77.711781736999967, -5.191707097999938 ], [ -77.712340486999949, -5.192237972999976 ], [ -77.712899236999988, -5.195031472999972 ], [ -77.713643236999985, -5.196273222999935 ], [ -77.717475986999943, -5.19825922299998 ], [ -77.721000486999969, -5.198858472999973 ], [ -77.723678111999959, -5.199618097999974 ], [ -77.727007236999953, -5.200722097999972 ], [ -77.727537111999936, -5.200897722999969 ], [ -77.730104861999962, -5.202684722999948 ], [ -77.731102861999943, -5.20375559799993 ], [ -77.736500236999973, -5.210070972999972 ], [ -77.737688736999985, -5.210905472999968 ], [ -77.738141611999936, -5.21095722299998 ], [ -77.738808361999986, -5.211094722999974 ], [ -77.739443236999989, -5.211232222999968 ], [ -77.739611361999948, -5.211353472999974 ], [ -77.739707861999989, -5.21185659799994 ], [ -77.739559611999937, -5.212597347999974 ], [ -77.73914836199998, -5.213346222999974 ], [ -77.737428236999961, -5.216245847999971 ], [ -77.735921361999942, -5.218785847999925 ], [ -77.735748111999953, -5.219179222999969 ], [ -77.735001986999976, -5.220872347999943 ], [ -77.73221461199995, -5.225889722999966 ], [ -77.731046861999971, -5.227501973999949 ], [ -77.73018386199999, -5.228512473999956 ], [ -77.725144861999979, -5.232767973999955 ], [ -77.72301598699994, -5.23456559899995 ], [ -77.71796123699994, -5.237119223999969 ], [ -77.71610723699996, -5.238055973999963 ], [ -77.713503861999982, -5.238920973999939 ], [ -77.711866236999981, -5.238851348999958 ], [ -77.709831986999973, -5.239740348999931 ], [ -77.706409861999987, -5.243332348999957 ], [ -77.703909111999963, -5.246748098999944 ], [ -77.703329611999948, -5.248333973999934 ], [ -77.703390611999964, -5.249370848999945 ], [ -77.703554611999948, -5.250765598999976 ], [ -77.703085611999938, -5.251414223999973 ], [ -77.702618486999938, -5.251540473999967 ], [ -77.701957236999988, -5.251719098999956 ], [ -77.700554361999934, -5.25254259899998 ], [ -77.699090486999978, -5.253975973999957 ], [ -77.696567236999954, -5.258306473999937 ], [ -77.696296736999955, -5.258770973999958 ], [ -77.694723486999976, -5.263485223999965 ], [ -77.693080111999961, -5.267685473999961 ], [ -77.692835736999939, -5.269072598999969 ], [ -77.692564111999957, -5.271816848999947 ], [ -77.692822111999988, -5.274565098999972 ], [ -77.693173986999966, -5.278312848999974 ], [ -77.693021486999953, -5.282155473999978 ], [ -77.69274711199995, -5.283588848999955 ], [ -77.691486361999978, -5.284732473999952 ], [ -77.688486611999963, -5.29087197399997 ], [ -77.685106861999941, -5.294042598999965 ], [ -77.684148236999988, -5.29588122399997 ], [ -77.684055361999981, -5.297312723999937 ], [ -77.684604236999974, -5.300941848999969 ], [ -77.685793736999983, -5.301734723999971 ], [ -77.686199236999983, -5.302466848999927 ], [ -77.685699236999938, -5.30418197399996 ], [ -77.685666486999935, -5.306843098999934 ], [ -77.684828111999934, -5.31066272399994 ], [ -77.684688736999988, -5.314634848999958 ], [ -77.684534861999964, -5.322434223999949 ], [ -77.683643486999983, -5.326655723999977 ], [ -77.683569861999956, -5.327275848999932 ], [ -77.683050736999974, -5.331398473999968 ], [ -77.682671236999965, -5.334096973999976 ], [ -77.682066486999986, -5.338395598999966 ], [ -77.682389111999953, -5.34010509899997 ], [ -77.684479736999947, -5.342125973999941 ], [ -77.688050486999941, -5.346352348999972 ], [ -77.688814486999945, -5.348496098999931 ], [ -77.68893486199994, -5.35199447399998 ], [ -77.690642736999962, -5.358764848999954 ], [ -77.691862611999966, -5.362668473999975 ], [ -77.695037111999966, -5.369129223999948 ], [ -77.696226611999975, -5.373441473999947 ], [ -77.698568486999989, -5.375938848999965 ], [ -77.70278673699994, -5.380687723999927 ], [ -77.703010111999959, -5.382112473999939 ], [ -77.702982236999958, -5.383313723999947 ], [ -77.702758736999954, -5.384877973999949 ], [ -77.700635736999971, -5.38979459899997 ], [ -77.700076986999989, -5.391750098999978 ], [ -77.698400861999971, -5.396331348999979 ], [ -77.698310111999945, -5.397331598999926 ], [ -77.698505486999977, -5.401136598999926 ], [ -77.698624361999975, -5.403370973999927 ], [ -77.698735986999964, -5.405467848999933 ], [ -77.698798236999949, -5.406638098999963 ], [ -77.697646736999957, -5.40946084899997 ], [ -77.695958486999984, -5.411053098999957 ], [ -77.696015486999954, -5.411624098999937 ], [ -77.696586611999976, -5.412138098999947 ], [ -77.701114486999984, -5.413452348999954 ], [ -77.704096236999987, -5.414041848999943 ], [ -77.708381986999939, -5.414843223999981 ], [ -77.710054486999979, -5.415679473999944 ], [ -77.712702611999987, -5.416411223999944 ], [ -77.716783111999973, -5.415966848999972 ], [ -77.723325111999941, -5.41469447399993 ], [ -77.732717236999974, -5.410933348999947 ], [ -77.733950361999973, -5.410439598999972 ], [ -77.736242361999984, -5.40857047399993 ], [ -77.743035111999973, -5.406466848999969 ], [ -77.74482773699998, -5.406899098999929 ], [ -77.74552461199994, -5.407630723999944 ], [ -77.746186611999974, -5.410174348999931 ], [ -77.746235236999951, -5.410503973999937 ], [ -77.746719611999936, -5.413786848999962 ], [ -77.747486736999974, -5.414789223999946 ], [ -77.749301986999967, -5.415379598999948 ], [ -77.750183611999944, -5.415926598999931 ], [ -77.751362236999967, -5.419220723999956 ], [ -77.753317736999975, -5.42128084899997 ], [ -77.757530611999982, -5.424560723999946 ], [ -77.757615111999939, -5.424668973999928 ], [ -77.762316861999977, -5.428813348999938 ], [ -77.764429736999944, -5.431097598999941 ], [ -77.767741986999965, -5.435723348999943 ], [ -77.768451236999965, -5.438048723999941 ], [ -77.766800736999983, -5.440347598999949 ], [ -77.763373611999953, -5.443483473999947 ], [ -77.759301986999958, -5.446326598999974 ], [ -77.757371611999986, -5.448397473999933 ], [ -77.750655611999946, -5.455718348999937 ], [ -77.749010736999935, -5.458092473999955 ], [ -77.74883198699996, -5.459859348999942 ], [ -77.749129361999962, -5.461173598999949 ], [ -77.750150486999985, -5.46318434899996 ], [ -77.750833111999953, -5.464190223999935 ], [ -77.75188598699998, -5.464918973999943 ], [ -77.753701861999957, -5.466001348999953 ], [ -77.754888986999958, -5.466315723999969 ], [ -77.756112361999953, -5.466585348999956 ], [ -77.757857111999954, -5.46718859899994 ], [ -77.760406236999984, -5.46830609899996 ], [ -77.761348986999963, -5.469178973999931 ], [ -77.762571236999975, -5.469877348999944 ], [ -77.764317111999958, -5.470156723999935 ], [ -77.76536473699997, -5.470994848999965 ], [ -77.767808986999967, -5.474661223999931 ], [ -77.768996236999953, -5.476023098999974 ], [ -77.770637486999988, -5.47815309899994 ], [ -77.770900986999948, -5.480994223999971 ], [ -77.771153736999963, -5.483395473999963 ], [ -77.771056486999953, -5.486324098999944 ], [ -77.771510361999958, -5.49103834899995 ], [ -77.771789736999949, -5.49212072399996 ], [ -77.771570361999977, -5.493920598999978 ], [ -77.771316986999977, -5.49451847399996 ], [ -77.770986611999945, -5.495298348999938 ], [ -77.770123361999936, -5.496103723999965 ], [ -77.769709486999943, -5.496489723999957 ], [ -77.767576736999956, -5.497921473999952 ], [ -77.767372861999945, -5.49907959899997 ], [ -77.767166986999939, -5.50025009899997 ], [ -77.76586423699996, -5.50265047399995 ], [ -77.76573861199995, -5.502716473999953 ], [ -77.76176811199997, -5.50434222399997 ], [ -77.760898236999935, -5.505356598999981 ], [ -77.760840361999954, -5.505424098999981 ], [ -77.759637986999962, -5.507205598999974 ], [ -77.759323736999988, -5.508043598999961 ], [ -77.759165361999976, -5.508891473999938 ], [ -77.758730111999967, -5.511221223999939 ], [ -77.757037361999949, -5.513941598999963 ], [ -77.757112861999985, -5.516003723999972 ], [ -77.757741486999976, -5.51821659899997 ], [ -77.759068861999936, -5.521267223999928 ], [ -77.759746236999945, -5.522522723999941 ], [ -77.760381861999974, -5.52364847399997 ], [ -77.760936736999952, -5.524630848999948 ], [ -77.761742236999964, -5.526056973999971 ], [ -77.762336111999957, -5.527108848999944 ], [ -77.762404236999942, -5.527229473999967 ], [ -77.763493986999947, -5.529159223999955 ], [ -77.765277486999935, -5.532317473999967 ], [ -77.765451111999937, -5.532455098999947 ], [ -77.76547986199995, -5.53299409899995 ], [ -77.765289861999975, -5.533671223999931 ], [ -77.765042111999946, -5.534290598999974 ], [ -77.764481861999968, -5.53541034899996 ], [ -77.764821486999949, -5.536703098999965 ], [ -77.765386361999958, -5.537680598999941 ], [ -77.765761736999934, -5.538982473999965 ], [ -77.764178861999937, -5.541876348999949 ], [ -77.762946986999964, -5.543238223999936 ], [ -77.761942986999941, -5.54550809899996 ], [ -77.761840486999972, -5.546633098999962 ], [ -77.761086111999987, -5.548795723999945 ], [ -77.760505111999976, -5.54977109899994 ], [ -77.757261361999952, -5.554652473999965 ], [ -77.755603986999972, -5.55799959899997 ], [ -77.75440023699997, -5.561958348999951 ], [ -77.75329136199997, -5.564052598999979 ], [ -77.75251461199997, -5.565519973999926 ], [ -77.751057486999969, -5.568272348999926 ], [ -77.750489236999954, -5.570199098999979 ], [ -77.750079986999935, -5.572445848999962 ], [ -77.749860611999964, -5.57343947399994 ], [ -77.749860611999964, -5.575125098999933 ], [ -77.750141486999951, -5.576155223999933 ], [ -77.750890736999963, -5.577559973999939 ], [ -77.751546236999957, -5.57919872399998 ], [ -77.751639861999934, -5.580790723999939 ], [ -77.751675736999971, -5.58226359899993 ], [ -77.749057611999945, -5.584348473999967 ], [ -77.745877486999973, -5.586083723999934 ], [ -77.745076611999934, -5.586787598999933 ], [ -77.744455861999938, -5.587332973999935 ], [ -77.744310236999979, -5.587596848999965 ], [ -77.740513361999945, -5.594492598999977 ], [ -77.739237111999955, -5.59681059899998 ], [ -77.738089861999981, -5.600968723999927 ], [ -77.736890611999968, -5.605138848999957 ], [ -77.736383986999954, -5.609290098999963 ], [ -77.737030986999969, -5.61412884899994 ], [ -77.738792986999954, -5.618279348999977 ], [ -77.738918736999949, -5.622166473999926 ], [ -77.743278361999955, -5.627337348999959 ], [ -77.746218736999936, -5.631392848999951 ], [ -77.749463236999986, -5.634840098999973 ], [ -77.752606236999952, -5.63757759899994 ], [ -77.753430236999975, -5.640226973999972 ], [ -77.752708611999935, -5.641046223999979 ], [ -77.750904986999956, -5.643037598999967 ], [ -77.751064111999938, -5.644354598999939 ], [ -77.751771361999943, -5.645847848999949 ], [ -77.75284273699998, -5.647584098999971 ], [ -77.752934611999933, -5.647748848999925 ], [ -77.75391136199994, -5.649499723999952 ], [ -77.754044111999974, -5.65028609899997 ], [ -77.754365236999945, -5.652188473999956 ], [ -77.754172611999934, -5.654752348999978 ], [ -77.754365236999945, -5.65899772399996 ], [ -77.755133486999966, -5.660568973999943 ], [ -77.757472986999971, -5.662280098999929 ], [ -77.75900123699995, -5.66360809899993 ], [ -77.762860699999976, -5.668084291999946 ], [ -77.76725623699997, -5.673182223999959 ], [ -77.769170861999953, -5.674501598999939 ], [ -77.76972948699995, -5.675514223999926 ], [ -77.769589986999961, -5.677120598999977 ], [ -77.768622986999958, -5.679466848999937 ], [ -77.768996861999938, -5.680078348999928 ], [ -77.770250361999956, -5.681605098999967 ], [ -77.771408861999987, -5.682844098999965 ], [ -77.772234986999933, -5.68369359899998 ], [ -77.772872236999945, -5.68434872399996 ], [ -77.773707111999954, -5.685207098999967 ], [ -77.774059486999988, -5.686059723999961 ], [ -77.774571861999959, -5.687299723999956 ], [ -77.775090861999956, -5.68967934899996 ], [ -77.774245611999959, -5.692039473999955 ], [ -77.774300861999961, -5.693061598999975 ], [ -77.77438011199996, -5.694528223999953 ], [ -77.774951986999952, -5.69563809899995 ], [ -77.775024111999983, -5.696504348999952 ], [ -77.774653111999953, -5.698665473999938 ], [ -77.774722986999961, -5.699678098999925 ], [ -77.774790861999975, -5.700663473999953 ], [ -77.775386361999949, -5.702052598999956 ], [ -77.77566573699994, -5.703344598999934 ], [ -77.775300861999938, -5.705581973999927 ], [ -77.775677486999939, -5.707896973999937 ], [ -77.775331361999974, -5.709763223999971 ], [ -77.775147986999968, -5.710751973999947 ], [ -77.773618236999937, -5.71177709899996 ], [ -77.772087861999978, -5.712802723999971 ], [ -77.770935236999946, -5.713575223999953 ], [ -77.769460486999947, -5.714563598999973 ], [ -77.767796611999984, -5.715249598999947 ], [ -77.765905861999954, -5.716028973999926 ], [ -77.765138986999943, -5.717489723999961 ], [ -77.764740361999941, -5.718951473999937 ], [ -77.764757986999939, -5.71957509899994 ], [ -77.76453898699998, -5.721277348999934 ], [ -77.76398986199996, -5.722565223999936 ], [ -77.76369948699994, -5.722975348999967 ], [ -77.760126861999936, -5.72838134899996 ], [ -77.759358611999971, -5.729847973999938 ], [ -77.759385486999975, -5.730864098999973 ], [ -77.759357736999959, -5.732170848999942 ], [ -77.759410111999955, -5.733617223999943 ], [ -77.75972098699998, -5.734164848999967 ], [ -77.76051086199999, -5.735127723999938 ], [ -77.761229611999966, -5.73638909899995 ], [ -77.761957611999946, -5.738411348999932 ], [ -77.761869861999969, -5.739227473999961 ], [ -77.761807861999955, -5.739802973999929 ], [ -77.761763736999967, -5.740213098999959 ], [ -77.761703236999949, -5.740774723999948 ], [ -77.761710736999987, -5.742365848999953 ], [ -77.762418361999949, -5.743514348999952 ], [ -77.763266611999939, -5.745357848999959 ], [ -77.764873236999961, -5.748372223999979 ], [ -77.767272361999972, -5.750852348999956 ], [ -77.769877236999946, -5.752207723999959 ], [ -77.771384736999948, -5.752507098999956 ], [ -77.772242236999944, -5.752865223999947 ], [ -77.772418611999967, -5.753351348999956 ], [ -77.772079861999941, -5.754219598999953 ], [ -77.771042111999975, -5.75542672399996 ], [ -77.769940861999942, -5.756210348999957 ], [ -77.768833236999967, -5.756855473999963 ], [ -77.768034861999979, -5.758412848999967 ], [ -77.764409486999966, -5.764408223999965 ], [ -77.761784111999987, -5.767501223999943 ], [ -77.760741111999948, -5.769227473999933 ], [ -77.760603486999969, -5.770160473999965 ], [ -77.760560111999951, -5.770454473999962 ], [ -77.760517861999972, -5.771172098999955 ], [ -77.761149111999941, -5.772002598999961 ], [ -77.76420548699997, -5.774062348999962 ], [ -77.766972486999975, -5.776125223999941 ], [ -77.767173861999936, -5.776275348999945 ], [ -77.768351486999961, -5.778821973999925 ], [ -77.768863736999947, -5.782745223999939 ], [ -77.769256111999937, -5.785749848999956 ], [ -77.770355486999961, -5.788142598999968 ], [ -77.770075236999958, -5.789135348999935 ], [ -77.768893736999985, -5.791385098999967 ], [ -77.768504361999987, -5.79291184899995 ], [ -77.767193986999985, -5.798258848999978 ], [ -77.76683623699995, -5.799718598999959 ], [ -77.766727111999955, -5.800164348999942 ], [ -77.765877861999968, -5.803232598999955 ], [ -77.765102236999951, -5.806102348999957 ], [ -77.765019486999961, -5.811101723999968 ], [ -77.764753236999979, -5.812850223999931 ], [ -77.764365361999978, -5.815681223999945 ], [ -77.763929111999971, -5.819708723999952 ], [ -77.762158861999978, -5.822963848999962 ], [ -77.761615361999986, -5.823671973999978 ], [ -77.760770986999944, -5.82491934899997 ], [ -77.758640361999937, -5.826197848999925 ], [ -77.755916111999966, -5.827173223999978 ], [ -77.753763736999986, -5.82761034899994 ], [ -77.752937111999984, -5.827778348999971 ], [ -77.751779361999979, -5.828282973999933 ], [ -77.750965861999987, -5.829017223999927 ], [ -77.750451861999977, -5.830616223999925 ], [ -77.749753486999964, -5.831678348999958 ], [ -77.748601236999946, -5.832185848999927 ], [ -77.748050236999973, -5.832428598999968 ], [ -77.747624361999954, -5.832773223999936 ], [ -77.746138361999954, -5.835110473999976 ], [ -77.745091361999982, -5.83542072399996 ], [ -77.743816361999961, -5.835394598999926 ], [ -77.742531736999979, -5.835149223999963 ], [ -77.741251986999941, -5.835032973999944 ], [ -77.740514236999957, -5.83508859899996 ], [ -77.738815986999953, -5.836191223999947 ], [ -77.737470736999967, -5.837514473999931 ], [ -77.736742861999971, -5.838727473999938 ], [ -77.735419611999987, -5.839830223999968 ], [ -77.734704611999973, -5.840426098999956 ], [ -77.732640611999955, -5.841697723999971 ], [ -77.72880311199998, -5.843099348999942 ], [ -77.726415986999939, -5.843981973999973 ], [ -77.72197786199996, -5.844030098999951 ], [ -77.719340736999982, -5.843448348999971 ], [ -77.717492361999973, -5.842606223999951 ], [ -77.714018861999989, -5.841007348999938 ], [ -77.712243986999965, -5.840539848999981 ], [ -77.710343486999989, -5.840656098999943 ], [ -77.708970986999987, -5.841076973999975 ], [ -77.708285236999984, -5.841287098999942 ], [ -77.706581736999965, -5.841819598999962 ], [ -77.704664111999989, -5.842166848999966 ], [ -77.700547236999967, -5.841316473999939 ], [ -77.699147611999933, -5.840819848999956 ], [ -77.698083861999976, -5.840442348999943 ], [ -77.696348486999966, -5.840142598999932 ], [ -77.694813361999934, -5.84023284899996 ], [ -77.694506736999983, -5.840421098999968 ], [ -77.692398236999964, -5.841150973999959 ], [ -77.690544736999982, -5.842287098999975 ], [ -77.688691236999944, -5.843841723999958 ], [ -77.685995361999971, -5.846078723999938 ], [ -77.684609861999945, -5.847682348999967 ], [ -77.683941361999985, -5.84807372399996 ], [ -77.682758861999957, -5.84876584899996 ], [ -77.681526736999956, -5.84948709899993 ], [ -77.68117861199994, -5.850526723999963 ], [ -77.681303611999965, -5.851419098999941 ], [ -77.68149473699998, -5.852784098999962 ], [ -77.681133486999954, -5.854860848999976 ], [ -77.68025086199998, -5.856333973999938 ], [ -77.679911111999957, -5.856699223999954 ], [ -77.679747486999986, -5.856875223999964 ], [ -77.678703111999937, -5.857998098999929 ], [ -77.678152986999976, -5.859103723999965 ], [ -77.67788286199999, -5.859646598999973 ], [ -77.678114236999988, -5.860792348999951 ], [ -77.67851948699996, -5.862798848999944 ], [ -77.679033361999984, -5.863950973999977 ], [ -77.680365861999974, -5.869121348999954 ], [ -77.681257861999939, -5.871719723999945 ], [ -77.682188611999948, -5.87381384899993 ], [ -77.68317386199999, -5.875511723999978 ], [ -77.683429611999941, -5.876063098999964 ], [ -77.683080486999984, -5.877575598999954 ], [ -77.681544111999983, -5.87916109899993 ], [ -77.680273611999951, -5.880107098999929 ], [ -77.676889611999968, -5.882626973999947 ], [ -77.673604611999963, -5.884895223999933 ], [ -77.672565736999957, -5.88561247399997 ], [ -77.670297861999984, -5.888034848999951 ], [ -77.667815361999942, -5.890877348999936 ], [ -77.665791361999936, -5.891906973999937 ], [ -77.665512361999959, -5.892204723999953 ], [ -77.665527361999978, -5.892807098999981 ], [ -77.665871611999989, -5.893430223999928 ], [ -77.66610598699998, -5.893854723999937 ], [ -77.668607361999989, -5.896140598999978 ], [ -77.66888673699998, -5.896810973999948 ], [ -77.668343736999987, -5.899719473999937 ], [ -77.667517611999983, -5.904279348999978 ], [ -77.666559861999986, -5.906506223999941 ], [ -77.664744736999978, -5.908587223999973 ], [ -77.664338361999967, -5.911657223999953 ], [ -77.663293861999989, -5.917670223999949 ], [ -77.662886736999951, -5.918691348999971 ], [ -77.662396986999966, -5.91991934899994 ], [ -77.660365361999936, -5.921950973999969 ], [ -77.659642986999984, -5.923350598999946 ], [ -77.658808611999973, -5.92789847399996 ], [ -77.657705361999945, -5.929728348999959 ], [ -77.657591736999962, -5.929826223999953 ], [ -77.657531486999972, -5.929877973999965 ], [ -77.656375361999949, -5.930872723999926 ], [ -77.654149986999983, -5.932915973999968 ], [ -77.652443611999956, -5.934428473999958 ], [ -77.651890611999988, -5.935331973999951 ], [ -77.652094611999985, -5.936483848999956 ], [ -77.652870361999987, -5.938694348999945 ], [ -77.654693861999988, -5.942201723999972 ], [ -77.656031111999937, -5.946330973999977 ], [ -77.656360236999944, -5.947994973999926 ], [ -77.657120486999986, -5.949522598999977 ], [ -77.659913861999939, -5.955134848999933 ], [ -77.661706611999989, -5.956535848999977 ], [ -77.662758736999933, -5.957358223999961 ], [ -77.665334236999968, -5.959520973999929 ], [ -77.66853211199998, -5.961643723999941 ], [ -77.671245986999963, -5.963261598999964 ], [ -77.672008611999956, -5.964744598999971 ], [ -77.672075736999943, -5.964933848999976 ], [ -77.673301361999961, -5.968397723999942 ], [ -77.67357698699999, -5.970299973999943 ], [ -77.673080611999978, -5.970989098999951 ], [ -77.671674861999975, -5.974104348999958 ], [ -77.669892361999985, -5.979357223999955 ], [ -77.669224861999965, -5.980365098999926 ], [ -77.666802486999984, -5.981220223999969 ], [ -77.664622486999974, -5.982823973999928 ], [ -77.664439111999968, -5.982958848999942 ], [ -77.663538111999969, -5.983255348999933 ], [ -77.662702736999961, -5.983530348999977 ], [ -77.661557111999969, -5.985347848999936 ], [ -77.661014236999961, -5.986666348999961 ], [ -77.660626361999959, -5.988450348999947 ], [ -77.659613236999974, -5.988999973999967 ], [ -77.65938998699994, -5.988998973999969 ], [ -77.658784611999977, -5.989258348999954 ], [ -77.656671736999954, -5.989258348999954 ], [ -77.652160236999975, -5.99080022399994 ], [ -77.649247736999939, -5.992227973999945 ], [ -77.645878486999948, -5.995368973999973 ], [ -77.643439986999965, -5.998696098999972 ], [ -77.639139861999979, -6.001079473999937 ], [ -77.636341611999967, -6.001307973999928 ], [ -77.632743861999984, -6.00056559899997 ], [ -77.63092073699994, -6.000863223999943 ], [ -77.629679361999933, -6.001747223999928 ], [ -77.62863873699996, -6.002009723999947 ], [ -77.627688611999986, -6.002377598999942 ], [ -77.626839361999942, -6.002706473999979 ], [ -77.625471236999942, -6.003670098999976 ], [ -77.622080861999962, -6.004831723999928 ], [ -77.62087711199996, -6.004812973999947 ], [ -77.619856986999935, -6.004339848999962 ], [ -77.618563986999959, -6.003117348999979 ], [ -77.616993486999945, -6.001632598999947 ], [ -77.616237361999936, -6.000917723999976 ], [ -77.615390236999986, -6.000789973999929 ], [ -77.613462486999936, -6.001072098999941 ], [ -77.610688486999948, -6.001871348999941 ], [ -77.60888648699995, -6.002843598999959 ], [ -77.607150611999941, -6.003390348999972 ], [ -77.601472986999966, -6.004151723999939 ], [ -77.598792986999968, -6.004339848999962 ], [ -77.597707861999936, -6.004415973999926 ], [ -77.596465611999974, -6.005280223999932 ], [ -77.594467361999989, -6.006878848999975 ], [ -77.593620986999952, -6.007913223999935 ], [ -77.593566611999961, -6.008386973999961 ], [ -77.593456361999984, -6.009347348999938 ], [ -77.594208736999974, -6.014213598999959 ], [ -77.594655361999969, -6.015718098999969 ], [ -77.59580736199996, -6.018656723999925 ], [ -77.59599136199995, -6.021155348999969 ], [ -77.596156986999972, -6.021642973999974 ], [ -77.596656236999934, -6.023113223999928 ], [ -77.596789361999981, -6.02380809899995 ], [ -77.597037111999953, -6.025102473999937 ], [ -77.597777986999972, -6.027249848999929 ], [ -77.597973736999961, -6.027817098999947 ], [ -77.598251986999969, -6.031279348999931 ], [ -77.597344986999985, -6.032263598999975 ], [ -77.596361611999953, -6.033330848999981 ], [ -77.593264861999955, -6.03434322399994 ], [ -77.592961361999983, -6.03444234899996 ], [ -77.591300611999941, -6.035236723999958 ], [ -77.590249361999952, -6.036370598999952 ], [ -77.587792111999988, -6.036962098999936 ], [ -77.586199486999988, -6.036916598999937 ], [ -77.584697861999985, -6.036097598999959 ], [ -77.584015361999946, -6.035050973999944 ], [ -77.583602861999964, -6.03355447399997 ], [ -77.582968736999987, -6.033003348999955 ], [ -77.58224073699995, -6.032730348999962 ], [ -77.580749861999948, -6.03254334899998 ], [ -77.580511236999939, -6.032513598999969 ], [ -77.579432861999976, -6.032356098999969 ], [ -77.577960986999983, -6.032141473999957 ], [ -77.576953486999969, -6.032538848999934 ], [ -77.575671111999952, -6.033651848999966 ], [ -77.575017736999939, -6.03397847399998 ], [ -77.574037861999955, -6.034051098999953 ], [ -77.573730111999964, -6.033921473999953 ], [ -77.572677486999964, -6.033477973999936 ], [ -77.570584986999961, -6.031020723999973 ], [ -77.56878048699997, -6.028755473999979 ], [ -77.568050986999936, -6.028102848999936 ], [ -77.567590236999933, -6.028006848999951 ], [ -77.566803236999988, -6.02812197399993 ], [ -77.565133111999955, -6.02917784899995 ], [ -77.563942861999976, -6.030790348999972 ], [ -77.562483861999965, -6.033209098999976 ], [ -77.560860736999985, -6.035677223999926 ], [ -77.560268611999959, -6.036577598999941 ], [ -77.558903986999951, -6.038245098999937 ], [ -77.557951111999955, -6.03959572399998 ], [ -77.558089611999947, -6.040843348999942 ], [ -77.558385236999982, -6.042561598999953 ], [ -77.558276861999957, -6.044151598999974 ], [ -77.558005861999959, -6.046410223999942 ], [ -77.557517986999983, -6.04702459899994 ], [ -77.556010111999967, -6.047998723999967 ], [ -77.55538586199998, -6.048723098999972 ], [ -77.554979111999955, -6.049976973999946 ], [ -77.554735361999974, -6.050728723999953 ], [ -77.549752986999977, -6.052047848999962 ], [ -77.546532861999935, -6.052283723999949 ], [ -77.54443873699995, -6.052477598999928 ], [ -77.543003736999935, -6.052593973999933 ], [ -77.542228111999975, -6.052787848999969 ], [ -77.542145736999942, -6.053185973999973 ], [ -77.542009736999944, -6.054165973999943 ], [ -77.542008361999933, -6.054570723999973 ], [ -77.542000111999982, -6.056946848999928 ], [ -77.541670611999962, -6.058608973999981 ], [ -77.541493361999983, -6.059503473999939 ], [ -77.539580111999953, -6.061781223999958 ], [ -77.539579486999969, -6.061781598999971 ], [ -77.53802548699997, -6.063107473999935 ], [ -77.536589861999971, -6.063705098999947 ], [ -77.535511361999966, -6.063788973999976 ], [ -77.533808861999944, -6.063371348999965 ], [ -77.532845861999988, -6.061872348999941 ], [ -77.532079236999948, -6.060678848999942 ], [ -77.531560986999978, -6.060330473999954 ], [ -77.527318861999959, -6.059939973999974 ], [ -77.518843736999941, -6.055943348999961 ], [ -77.51792186199998, -6.054853348999927 ], [ -77.517509736999955, -6.052726598999925 ], [ -77.515874986999961, -6.047552723999956 ], [ -77.512406111999951, -6.043200973999944 ], [ -77.511573736999935, -6.041542848999939 ], [ -77.510539361999975, -6.039482223999926 ], [ -77.510425861999977, -6.038300473999925 ], [ -77.510121486999935, -6.035132723999936 ], [ -77.509997486999964, -6.033842973999981 ], [ -77.509751861999973, -6.032496098999957 ], [ -77.508798986999977, -6.032311598999968 ], [ -77.506084361999967, -6.032272723999938 ], [ -77.50267398699998, -6.032003723999935 ], [ -77.498017861999983, -6.029945973999929 ], [ -77.494333736999977, -6.02893759899996 ], [ -77.49134761199997, -6.02889872399993 ], [ -77.489757611999948, -6.028860098999928 ], [ -77.489020736999976, -6.028510973999971 ], [ -77.488815361999968, -6.02804647399995 ], [ -77.488414986999942, -6.027140473999964 ], [ -77.488710486999935, -6.025835098999949 ], [ -77.488982361999945, -6.024841723999941 ], [ -77.488477736999982, -6.024128723999979 ], [ -77.487716736999971, -6.02252647399996 ], [ -77.486749736999968, -6.021172598999954 ], [ -77.486427236999987, -6.020173348999947 ], [ -77.486330611999961, -6.017691223999975 ], [ -77.486814236999976, -6.014467598999943 ], [ -77.487308986999949, -6.011169098999972 ], [ -77.487075361999985, -6.010248848999936 ], [ -77.486888111999974, -6.009939973999963 ], [ -77.48622073699994, -6.008837848999974 ], [ -77.483830486999977, -6.006588473999955 ], [ -77.481252861999963, -6.003796473999955 ], [ -77.478615236999985, -6.000894473999949 ], [ -77.476904861999969, -5.999967598999945 ], [ -77.474965736999934, -5.999718223999935 ], [ -77.474138986999947, -5.999784098999953 ], [ -77.473580486999936, -6.000050723999948 ], [ -77.472998736999955, -6.000687848999974 ], [ -77.471968736999941, -6.00235934899996 ], [ -77.471936486999937, -6.003595598999937 ], [ -77.471923861999983, -6.004081973999973 ], [ -77.471901486999968, -6.004938348999929 ], [ -77.47185411199996, -6.006753973999935 ], [ -77.47114273699998, -6.008222973999978 ], [ -77.469962111999962, -6.009456973999932 ], [ -77.467681361999951, -6.010388598999953 ], [ -77.467118361999951, -6.010849098999927 ], [ -77.466974611999944, -6.010966723999957 ], [ -77.466749861999972, -6.012155348999954 ], [ -77.467650236999987, -6.014983598999947 ], [ -77.467626361999976, -6.015762098999971 ], [ -77.467596736999951, -6.016727598999978 ], [ -77.46750836199999, -6.019614973999978 ], [ -77.467024486999946, -6.020280098999933 ], [ -77.466235861999962, -6.02083584899998 ], [ -77.465126986999962, -6.021845723999945 ], [ -77.46432286199996, -6.022165973999961 ], [ -77.463523486999975, -6.022484348999967 ], [ -77.462502486999938, -6.022890973999949 ], [ -77.460365986999989, -6.02315697399996 ], [ -77.459434611999939, -6.023613473999944 ], [ -77.458850236999979, -6.024544723999952 ], [ -77.458357236999973, -6.026060473999962 ], [ -77.457444236999947, -6.027302223999925 ], [ -77.455308111999955, -6.029696598999976 ], [ -77.454869361999954, -6.030479598999932 ], [ -77.454832861999989, -6.031483973999968 ], [ -77.455330611999955, -6.033382723999978 ], [ -77.455301361999943, -6.03444847399993 ], [ -77.454500236999934, -6.035684473999936 ], [ -77.454141236999988, -6.036139098999968 ], [ -77.453267611999934, -6.037245723999945 ], [ -77.453112611999984, -6.037374348999947 ], [ -77.451668736999977, -6.038571598999965 ], [ -77.45107898699996, -6.039450348999935 ], [ -77.450091861999965, -6.041725348999933 ], [ -77.449966736999954, -6.042976598999928 ], [ -77.449682611999947, -6.043867973999966 ], [ -77.449237236999977, -6.04443372399993 ], [ -77.448670361999973, -6.044705348999969 ], [ -77.448428111999988, -6.044821223999975 ], [ -77.448048736999965, -6.044930848999968 ], [ -77.447226986999965, -6.045168098999966 ], [ -77.446892736999985, -6.04526459899995 ], [ -77.446618361999981, -6.045343723999963 ], [ -77.446011236999937, -6.04567359899994 ], [ -77.445746486999951, -6.046227348999935 ], [ -77.445692236999946, -6.046696973999929 ], [ -77.445529736999958, -6.04810509899994 ], [ -77.445240861999935, -6.049369098999932 ], [ -77.444883986999969, -6.049813098999948 ], [ -77.444518611999968, -6.050018973999954 ], [ -77.443871111999954, -6.050121098999966 ], [ -77.443099236999956, -6.050083848999975 ], [ -77.442625361999944, -6.050182973999938 ], [ -77.441990861999955, -6.050560723999979 ], [ -77.441485236999938, -6.052029223999966 ], [ -77.441143736999948, -6.052467098999955 ], [ -77.439819611999951, -6.053264598999931 ], [ -77.439672111999982, -6.053667348999966 ], [ -77.439428361999944, -6.054332848999934 ], [ -77.438796486999934, -6.055010098999958 ], [ -77.438634736999973, -6.055090848999953 ], [ -77.437953861999972, -6.055431348999946 ], [ -77.437607736999951, -6.055852598999934 ], [ -77.437534986999935, -6.056155973999978 ], [ -77.437427236999952, -6.056604973999981 ], [ -77.436419111999953, -6.05761309899998 ], [ -77.434462986999961, -6.060411723999948 ], [ -77.433108861999983, -6.061164098999939 ], [ -77.432115736999947, -6.061916348999944 ], [ -77.431564361999961, -6.061872473999927 ], [ -77.43079161199995, -6.061811098999954 ], [ -77.430114611999954, -6.061570348999965 ], [ -77.42963773699995, -6.061125223999966 ], [ -77.429738486999952, -6.059253098999932 ], [ -77.429855861999954, -6.057892473999971 ], [ -77.429897861999962, -6.057405848999963 ], [ -77.42999423699996, -6.055025098999977 ], [ -77.429076361999989, -6.051940473999935 ], [ -77.428517486999965, -6.051254473999961 ], [ -77.428090986999962, -6.050963723999928 ], [ -77.426989736999985, -6.050664598999958 ], [ -77.424095986999987, -6.050300473999926 ], [ -77.422262486999955, -6.050069723999968 ], [ -77.421846986999981, -6.049208348999969 ], [ -77.421606986999961, -6.045678223999971 ], [ -77.421348611999974, -6.041989723999961 ], [ -77.421292986999958, -6.040167848999943 ], [ -77.421332986999971, -6.03980884899994 ], [ -77.421517611999946, -6.038146348999931 ], [ -77.421502736999969, -6.037045473999967 ], [ -77.420734986999946, -6.035306473999981 ], [ -77.420058611999934, -6.033296848999953 ], [ -77.419304736999948, -6.032380848999935 ], [ -77.417831861999957, -6.032225723999943 ], [ -77.416972861999966, -6.032381848999933 ], [ -77.416309111999965, -6.033280598999966 ], [ -77.415634486999977, -6.033854098999939 ], [ -77.414474361999964, -6.03432259899995 ], [ -77.413136736999945, -6.035292973999958 ], [ -77.411239861999945, -6.035995598999932 ], [ -77.410316236999961, -6.036232223999946 ], [ -77.409477486999947, -6.036107223999977 ], [ -77.408300361999977, -6.035418098999969 ], [ -77.40651711199996, -6.034739723999962 ], [ -77.40543986199998, -6.034590348999927 ], [ -77.40460573699994, -6.034734348999962 ], [ -77.402218861999984, -6.035961598999961 ], [ -77.397385736999979, -6.038813348999952 ], [ -77.397324236999964, -6.038849598999946 ], [ -77.395497611999986, -6.039376723999965 ], [ -77.394825611999977, -6.040013848999934 ], [ -77.394192111999985, -6.041115598999966 ], [ -77.394287111999972, -6.042107473999977 ], [ -77.393813486999989, -6.045225598999934 ], [ -77.393326986999966, -6.049402348999934 ], [ -77.391550486999961, -6.052148098999965 ], [ -77.390783861999978, -6.053886223999939 ], [ -77.390114611999934, -6.055893848999972 ], [ -77.389873361999946, -6.056454848999977 ], [ -77.389289236999957, -6.05781234899996 ], [ -77.388263111999947, -6.059284598999966 ], [ -77.386322361999987, -6.061136098999953 ], [ -77.384467361999953, -6.061978973999942 ], [ -77.382760986999983, -6.062832098999934 ], [ -77.38241798699994, -6.063468723999961 ], [ -77.382722111999954, -6.064073098999927 ], [ -77.383769236999967, -6.065158973999928 ], [ -77.384273361999988, -6.065973473999975 ], [ -77.385165361999952, -6.067485848999979 ], [ -77.385454486999947, -6.068642098999931 ], [ -77.384649361999948, -6.070148348999965 ], [ -77.383867986999974, -6.07161009899994 ], [ -77.383331611999949, -6.072613473999979 ], [ -77.383054861999938, -6.07574109899997 ], [ -77.382562486999973, -6.077141223999945 ], [ -77.380500111999936, -6.079985973999953 ], [ -77.379432236999946, -6.080094723999935 ], [ -77.378735861999985, -6.079809848999957 ], [ -77.378327986999977, -6.079642973999967 ], [ -77.376621486999966, -6.078605598999957 ], [ -77.37538336199998, -6.078421598999967 ], [ -77.37429586199994, -6.078153973999974 ], [ -77.373989111999947, -6.078001223999934 ], [ -77.372972111999957, -6.077495098999975 ], [ -77.370876611999961, -6.075550223999926 ], [ -77.368999611999982, -6.074474098999929 ], [ -77.368380986999966, -6.074119348999943 ], [ -77.366368861999945, -6.073566223999933 ], [ -77.365278486999955, -6.073266348999937 ], [ -77.364232486999981, -6.07329434899998 ], [ -77.363440486999934, -6.073315348999927 ], [ -77.361871986999972, -6.072800723999933 ], [ -77.36045048699998, -6.072188223999945 ], [ -77.359372236999945, -6.072139098999969 ], [ -77.358679361999975, -6.07282022399994 ], [ -77.358492361999936, -6.074049098999978 ], [ -77.358122236999975, -6.07647684899996 ], [ -77.356627361999983, -6.080030473999955 ], [ -77.355440486999953, -6.082851723999966 ], [ -77.354014611999958, -6.084937848999971 ], [ -77.352429111999982, -6.087257723999926 ], [ -77.351216361999946, -6.09019184899995 ], [ -77.349015361999989, -6.098826723999935 ], [ -77.347762361999969, -6.103742723999972 ], [ -77.346570361999966, -6.108419223999931 ], [ -77.346888611999987, -6.111191973999951 ], [ -77.347043736999979, -6.113053473999969 ], [ -77.346772236999982, -6.113751473999969 ], [ -77.34642798699997, -6.114341098999944 ], [ -77.345027236999954, -6.114294473999962 ], [ -77.343359486999987, -6.113984223999978 ], [ -77.341963361999944, -6.113751473999969 ], [ -77.339654361999976, -6.113636848999931 ], [ -77.333681861999935, -6.112436973999934 ], [ -77.332410736999975, -6.112181598999939 ], [ -77.331898861999946, -6.112456348999956 ], [ -77.329858486999967, -6.115604473999952 ], [ -77.328850486999954, -6.115961723999931 ], [ -77.326689486999953, -6.116100348999964 ], [ -77.325240361999988, -6.116335098999969 ], [ -77.324047861999986, -6.117169973999978 ], [ -77.322617236999974, -6.118726598999956 ], [ -77.32086136199996, -6.121052348999967 ], [ -77.319648486999938, -6.123216848999959 ], [ -77.317954486999952, -6.124864473999935 ], [ -77.316872486999955, -6.125550598999951 ], [ -77.314953361999983, -6.12594084899996 ], [ -77.31324011199996, -6.12594084899996 ], [ -77.311066361999963, -6.126294973999961 ], [ -77.310396736999962, -6.126616973999944 ], [ -77.309250486999986, -6.12733497399995 ], [ -77.307300486999964, -6.129485973999977 ], [ -77.306149111999957, -6.131114723999929 ], [ -77.305910736999977, -6.13123722399996 ], [ -77.303357861999984, -6.132549098999959 ], [ -77.301206236999974, -6.133130723999955 ], [ -77.299094361999948, -6.133159598999953 ], [ -77.29554623699994, -6.133208098999944 ], [ -77.294169611999962, -6.133226973999967 ], [ -77.292638736999947, -6.13307247399996 ], [ -77.291692986999976, -6.132976973999973 ], [ -77.290002611999967, -6.133130723999955 ], [ -77.287928486999988, -6.134371223999949 ], [ -77.286351236999963, -6.136195223999948 ], [ -77.281533360999958, -6.141717598999946 ], [ -77.280478485999936, -6.142209098999956 ], [ -77.278785110999934, -6.142218723999974 ], [ -77.277527360999954, -6.141822223999952 ], [ -77.274692985999934, -6.13964647399996 ], [ -77.273075735999953, -6.138837473999956 ], [ -77.272875735999946, -6.138737348999939 ], [ -77.27061336099996, -6.138647098999968 ], [ -77.26846823599999, -6.138561473999971 ], [ -77.265098860999956, -6.139360973999942 ], [ -77.261987610999938, -6.139396723999937 ], [ -77.260878860999981, -6.138849598999968 ], [ -77.260171235999962, -6.138619973999937 ], [ -77.259655985999984, -6.138453098999946 ], [ -77.259275485999979, -6.138329723999959 ], [ -77.257955610999943, -6.138015723999956 ], [ -77.256460985999979, -6.138255848999961 ], [ -77.255001985999968, -6.138365723999925 ], [ -77.253827485999977, -6.138510223999958 ], [ -77.253014360999941, -6.13892597399996 ], [ -77.252671110999984, -6.139359473999946 ], [ -77.252428985999984, -6.140362098999958 ], [ -77.252219360999959, -6.14078697399998 ], [ -77.251894110999956, -6.141148348999934 ], [ -77.251555485999972, -6.141524598999979 ], [ -77.24983423599997, -6.143135973999961 ], [ -77.249403610999934, -6.143539098999952 ], [ -77.24664848599997, -6.146253348999949 ], [ -77.245202985999981, -6.147474098999965 ], [ -77.242670985999951, -6.148566848999963 ], [ -77.242151360999969, -6.148791098999936 ], [ -77.240654110999969, -6.149761723999973 ], [ -77.239390360999948, -6.149984098999937 ], [ -77.237557735999985, -6.149915348999969 ], [ -77.233863610999947, -6.148758973999975 ], [ -77.231839860999969, -6.146413973999927 ], [ -77.231012735999968, -6.144511848999969 ], [ -77.230169610999951, -6.144069098999978 ], [ -77.229206485999953, -6.143759848999935 ], [ -77.227707110999972, -6.144165598999962 ], [ -77.224366360999966, -6.14554684899997 ], [ -77.222985110999957, -6.14689597399996 ], [ -77.220640110999966, -6.151521598999977 ], [ -77.219515860999934, -6.15434847399996 ], [ -77.219169735999969, -6.155218723999951 ], [ -77.218637485999977, -6.155986598999959 ], [ -77.215227235999976, -6.157767848999981 ], [ -77.21332698599997, -6.159319098999958 ], [ -77.21212486099995, -6.160831598999948 ], [ -77.211775735999936, -6.162886973999946 ], [ -77.21134923599999, -6.165175098999953 ], [ -77.210857360999967, -6.166960973999949 ], [ -77.209216235999975, -6.168199973999947 ], [ -77.207664985999941, -6.169712473999937 ], [ -77.205299360999959, -6.172465848999934 ], [ -77.202056735999975, -6.179714848999936 ], [ -77.202004985999963, -6.180620848999979 ], [ -77.202567110999951, -6.182026223999969 ], [ -77.204080610999938, -6.18286347399993 ], [ -77.206341485999985, -6.184114223999927 ], [ -77.207775610999988, -6.184907473999942 ], [ -77.209312860999944, -6.185961223999925 ], [ -77.210718235999934, -6.186683973999948 ], [ -77.212016610999967, -6.187351723999939 ], [ -77.213127485999962, -6.188249973999973 ], [ -77.213966485999947, -6.188904223999941 ], [ -77.214606985999978, -6.189474723999979 ], [ -77.214971360999982, -6.189754973999925 ], [ -77.215695985999957, -6.190312473999938 ], [ -77.218409110999971, -6.192680223999957 ], [ -77.218456735999951, -6.192779598999948 ], [ -77.219190735999973, -6.194313098999942 ], [ -77.219093235999935, -6.195731848999969 ], [ -77.218643235999934, -6.196283473999927 ], [ -77.216941985999938, -6.198368723999977 ], [ -77.216000110999971, -6.199523348999946 ], [ -77.215724985999941, -6.200101723999978 ], [ -77.215300735999961, -6.200993598999958 ], [ -77.214638235999985, -6.201656223999976 ], [ -77.214216610999983, -6.202529473999959 ], [ -77.214098235999984, -6.203447723999943 ], [ -77.214054110999939, -6.20378997399996 ], [ -77.214011735999975, -6.205149473999938 ], [ -77.213042110999936, -6.208582598999953 ], [ -77.212404610999954, -6.210839848999967 ], [ -77.212409735999984, -6.212015848999954 ], [ -77.212419110999974, -6.214185848999932 ], [ -77.211626735999971, -6.215840348999961 ], [ -77.210710860999939, -6.217386973999965 ], [ -77.207982860999948, -6.219393973999956 ], [ -77.207350360999953, -6.220387723999977 ], [ -77.206988985999942, -6.221592348999934 ], [ -77.206476610999971, -6.222522848999972 ], [ -77.205844610999975, -6.223670348999974 ], [ -77.204656235999948, -6.224184223999941 ], [ -77.203616110999974, -6.224633973999971 ], [ -77.201989860999959, -6.22619997399994 ], [ -77.201086485999951, -6.227735848999941 ], [ -77.199995985999976, -6.231179223999959 ], [ -77.198767610999937, -6.232463848999942 ], [ -77.197275360999981, -6.233419973999958 ], [ -77.195192360999954, -6.234754473999942 ], [ -77.193527610999979, -6.236077723999927 ], [ -77.191961610999954, -6.237553348999938 ], [ -77.19044336099995, -6.239356098999963 ], [ -77.189494985999943, -6.239939223999954 ], [ -77.189218235999988, -6.240109473999951 ], [ -77.187956235999934, -6.240595098999961 ], [ -77.186059110999963, -6.241498348999926 ], [ -77.184703860999946, -6.242612598999926 ], [ -77.183577235999962, -6.243410598999958 ], [ -77.18085348599999, -6.245340098999975 ], [ -77.177567485999987, -6.245863348999933 ], [ -77.175605110999982, -6.245959098999947 ], [ -77.174456360999955, -6.24619834899994 ], [ -77.174070235999977, -6.246529348999957 ], [ -77.173642735999977, -6.247921473999952 ], [ -77.172541985999942, -6.25012309899995 ], [ -77.169083110999964, -6.255013973999951 ], [ -77.168863360999978, -6.256074098999932 ], [ -77.169006610999986, -6.257692598999938 ], [ -77.170111360999954, -6.261101348999944 ], [ -77.170447610999986, -6.262262598999939 ], [ -77.170872610999936, -6.263242973999979 ], [ -77.170951235999951, -6.263873848999935 ], [ -77.170868860999974, -6.264554973999964 ], [ -77.170790735999958, -6.265198973999929 ], [ -77.170128235999982, -6.265710848999959 ], [ -77.169721735999985, -6.265925473999971 ], [ -77.166875735999952, -6.26742747399993 ], [ -77.165192110999953, -6.26783009899998 ], [ -77.165138985999988, -6.267842723999934 ], [ -77.163314485999933, -6.268279098999926 ], [ -77.162765985999954, -6.26851572399994 ], [ -77.16061186099995, -6.26944522399998 ], [ -77.159467485999983, -6.270348598999931 ], [ -77.158594110999957, -6.271553223999945 ], [ -77.156666735999977, -6.273299848999955 ], [ -77.15535248599997, -6.274490973999946 ], [ -77.154771860999972, -6.275591848999966 ], [ -77.154408110999952, -6.27628134899993 ], [ -77.153853860999959, -6.27733184899995 ], [ -77.153259110999954, -6.277840473999959 ], [ -77.152300110999988, -6.278660348999949 ], [ -77.151667610999937, -6.279443348999962 ], [ -77.150432985999942, -6.282394598999929 ], [ -77.149981110999988, -6.282725848999974 ], [ -77.148595985999975, -6.284352223999974 ], [ -77.147614485999952, -6.286216098999944 ], [ -77.145931860999951, -6.287531348999948 ], [ -77.144951985999967, -6.288297223999962 ], [ -77.142663235999976, -6.289531848999957 ], [ -77.140856360999976, -6.290254598999979 ], [ -77.138898860999973, -6.291730348999977 ], [ -77.137633985999969, -6.293537223999977 ], [ -77.13700161099996, -6.294711723999967 ], [ -77.136549610999964, -6.296597223999981 ], [ -77.135592360999965, -6.298415973999965 ], [ -77.135294610999949, -6.299112848999926 ], [ -77.134833360999949, -6.300192598999956 ], [ -77.133899735999989, -6.301367099999936 ], [ -77.132725235999942, -6.302421099999947 ], [ -77.132424360999948, -6.304759474999969 ], [ -77.132539110999971, -6.308394724999971 ], [ -77.133199235999939, -6.312726849999933 ], [ -77.133199235999939, -6.315981474999944 ], [ -77.132385610999961, -6.321533474999967 ], [ -77.132302735999986, -6.322550724999928 ], [ -77.132522985999969, -6.323207349999961 ], [ -77.133116735999977, -6.324977349999926 ], [ -77.133749235999971, -6.325790474999962 ], [ -77.135447110999962, -6.327973349999979 ], [ -77.136399360999974, -6.329705349999927 ], [ -77.137633985999969, -6.332867474999944 ], [ -77.139755985999955, -6.335955099999978 ], [ -77.14178986099995, -6.339281974999949 ], [ -77.142924860999983, -6.341138224999952 ], [ -77.143753985999979, -6.342354599999965 ], [ -77.144194360999961, -6.344641474999946 ], [ -77.144431610999959, -6.346318599999961 ], [ -77.144245235999961, -6.347063849999927 ], [ -77.144009985999958, -6.348005099999966 ], [ -77.144346860999974, -6.349096599999939 ], [ -77.146582860999956, -6.351112474999979 ], [ -77.14834461099997, -6.352586224999925 ], [ -77.149123860999964, -6.35345022499996 ], [ -77.149123860999964, -6.356431599999951 ], [ -77.149411860999976, -6.358938599999931 ], [ -77.150309610999955, -6.360530974999961 ], [ -77.151664735999987, -6.362038599999948 ], [ -77.154824235999968, -6.364477974999943 ], [ -77.155428985999947, -6.365265099999931 ], [ -77.156439985999953, -6.366581224999948 ], [ -77.158399360999965, -6.368637099999944 ], [ -77.159433735999983, -6.369722349999961 ], [ -77.159991235999939, -6.3701431 ], [ -77.161740235999957, -6.371463849999941 ], [ -77.162031860999946, -6.372102849999976 ], [ -77.16241473599996, -6.372941474999948 ], [ -77.161851610999975, -6.375734349999959 ], [ -77.163410610999961, -6.378081099999974 ], [ -77.165948235999963, -6.379430224999965 ], [ -77.167554235999944, -6.379944224999974 ], [ -77.171229360999973, -6.381022349999967 ], [ -77.171732485999939, -6.381169974999978 ], [ -77.173850485999935, -6.381068599999935 ], [ -77.176078235999967, -6.3807516 ], [ -77.176997860999961, -6.380424974999926 ], [ -77.17826686099994, -6.379377974999954 ], [ -77.179223485999955, -6.3788038499999 ], [ -77.181481235999968, -6.378459474999943 ], [ -77.183436985999947, -6.379023349999954 ], [ -77.183874360999937, -6.379149474999963 ], [ -77.185728735999987, -6.379683974999978 ], [ -77.189210860999935, -6.380296224999938 ], [ -77.19136423599997, -6.380899974999977 ], [ -77.193193860999941, -6.3815236 ], [ -77.193457860999956, -6.381487099999958 ], [ -77.194874235999976, -6.381291224999927 ], [ -77.196713360999979, -6.380558224999959 ], [ -77.196995235999964, -6.380396349999955 ], [ -77.198089860999971, -6.3797676 ], [ -77.200185860999966, -6.378563724999935 ], [ -77.201470235999977, -6.377825974999951 ], [ -77.206045485999937, -6.376000599999941 ], [ -77.208236360999933, -6.375183599999957 ], [ -77.208964985999955, -6.375043349999942 ], [ -77.21016161099999, -6.375234724999927 ], [ -77.211980360999974, -6.376239849999934 ], [ -77.214373485999943, -6.377867099999946 ], [ -77.217569485999945, -6.379205474999935 ], [ -77.218017610999937, -6.379365974999928 ], [ -77.219917985999984, -6.380046849999928 ], [ -77.22145636099998, -6.381132724999929 ], [ -77.222002360999966, -6.380747349999979 ], [ -77.222378110999955, -6.379845724999939 ], [ -77.222484235999957, -6.379590724999957 ], [ -77.223576485999956, -6.376025349999964 ], [ -77.225214735999941, -6.372716599999933 ], [ -77.227222235999989, -6.370769849999931 ], [ -77.229250110999942, -6.369336224999927 ], [ -77.229521860999967, -6.368868974999941 ], [ -77.229643110999973, -6.368228099999953 ], [ -77.229980360999946, -6.36644522499995 ], [ -77.230221235999977, -6.365867099999946 ], [ -77.233159735999948, -6.363057474999948 ], [ -77.233149110999989, -6.362276724999958 ], [ -77.23347023599996, -6.359931724999967 ], [ -77.234530235999955, -6.358421974999942 ], [ -77.235357610999984, -6.357243724999933 ], [ -77.236907360999965, -6.355530974999965 ], [ -77.237219360999973, -6.355087599999933 ], [ -77.237517735999973, -6.354663599999981 ], [ -77.240266860999952, -6.353696724999963 ], [ -77.241275985999948, -6.352639974999931 ], [ -77.241867235999962, -6.347578099999964 ], [ -77.24246848599995, -6.346469599999978 ], [ -77.242899235999971, -6.343214974999967 ], [ -77.242947110999978, -6.340199599999949 ], [ -77.243377860999942, -6.338620224999943 ], [ -77.243653110999958, -6.338120474999926 ], [ -77.244648985999959, -6.337413724999976 ], [ -77.247451485999989, -6.336012474999961 ], [ -77.249081860999979, -6.335839724999971 ], [ -77.249775735999947, -6.3358953499999 ], [ -77.25062948599998, -6.335963849999928 ], [ -77.252904360999935, -6.336418099999946 ], [ -77.254671235999979, -6.336450099999979 ], [ -77.25601586099998, -6.335941849999926 ], [ -77.258044610999946, -6.333127599999955 ], [ -77.259353360999967, -6.329855849999944 ], [ -77.260007735999977, -6.32770572499993 ], [ -77.261690360999978, -6.327144849999968 ], [ -77.263653485999953, -6.32770572499993 ], [ -77.265149235999957, -6.329388474999973 ], [ -77.26681373599996, -6.330282474999933 ], [ -77.269162110999957, -6.329333849999955 ], [ -77.269327610999937, -6.329266974999939 ], [ -77.26987836099994, -6.328995849999956 ], [ -77.270514860999981, -6.328682474999937 ], [ -77.272445235999953, -6.327731974999949 ], [ -77.27526186099999, -6.327519974999973 ], [ -77.279925985999967, -6.327883849999978 ], [ -77.282907111999975, -6.328387224999972 ], [ -77.284705986999938, -6.329093974999978 ], [ -77.28526373699998, -6.32964472499998 ], [ -77.28665998699995, -6.331023474999938 ], [ -77.286817986999949, -6.331641349999927 ], [ -77.286896486999979, -6.331948474999933 ], [ -77.287070361999952, -6.332628849999935 ], [ -77.287054361999935, -6.334416849999968 ], [ -77.287053986999979, -6.334466224999971 ], [ -77.287024736999967, -6.337749349999967 ], [ -77.286767986999962, -6.338995849999947 ], [ -77.286769486999958, -6.339087849999942 ], [ -77.286771611999939, -6.34013372499993 ], [ -77.286720361999983, -6.3412876 ], [ -77.286637361999965, -6.341745599999967 ], [ -77.286444861999939, -6.34280847499997 ], [ -77.286331611999969, -6.344208349999974 ], [ -77.285753486999965, -6.347051224999973 ], [ -77.285045111999978, -6.349201099999959 ], [ -77.284380236999937, -6.351218974999938 ], [ -77.282854111999939, -6.355850724999925 ], [ -77.282525110999984, -6.358422599999926 ], [ -77.281922735999956, -6.361120974999949 ], [ -77.28098323599994, -6.363072349999925 ], [ -77.280838610999979, -6.363939849999952 ], [ -77.280838610999979, -6.364927474999945 ], [ -77.281103610999935, -6.367095724999956 ], [ -77.28148923599997, -6.368420974999935 ], [ -77.281691610999985, -6.369116724999969 ], [ -77.282235985999989, -6.370564849999937 ], [ -77.282453235999981, -6.371689474999926 ], [ -77.282645610999964, -6.372685099999956 ], [ -77.282549235999966, -6.373335599999962 ], [ -77.281633735999947, -6.374323349999941 ], [ -77.279880360999982, -6.376068224999926 ], [ -77.278308985999956, -6.377455349999934 ], [ -77.276863485999968, -6.379984974999957 ], [ -77.275779360999934, -6.381454724999969 ], [ -77.275466110999957, -6.382201474999931 ], [ -77.275421860999984, -6.384052724999947 ], [ -77.275514360999978, -6.384731099999954 ], [ -77.275667110999962, -6.384840349999934 ], [ -77.27618886099998, -6.385212974999945 ], [ -77.277433860999963, -6.386102349999931 ], [ -77.27811623599996, -6.386971724999967 ], [ -77.278260860999978, -6.388031724999962 ], [ -77.276630485999988, -6.391891599999951 ], [ -77.274951610999949, -6.395634599999937 ], [ -77.274530610999989, -6.398193224999943 ], [ -77.274411009999938, -6.399889144999975 ], [ -77.273158610999985, -6.406530849999967 ], [ -77.274001735999946, -6.407693349999931 ], [ -77.276186110999959, -6.40901035 ], [ -77.279334235999954, -6.411483849999968 ], [ -77.281523110999956, -6.413020974999938 ], [ -77.281691110999986, -6.413196724999978 ], [ -77.284864611999978, -6.416515349999941 ], [ -77.287428986999942, -6.418133224999963 ], [ -77.289131486999963, -6.420799474999967 ], [ -77.290159486999983, -6.421955849999961 ], [ -77.29319273699997, -6.423166349999974 ], [ -77.294990236999979, -6.423683599999947 ], [ -77.296553986999982, -6.424133599999948 ], [ -77.297494486999938, -6.424644349999937 ], [ -77.297670788999937, -6.424740136999958 ], [ -77.298029486999951, -6.425489349999964 ], [ -77.298125861999949, -6.426517224999941 ], [ -77.298218986999984, -6.427510849999976 ], [ -77.298379611999962, -6.429223099999945 ], [ -77.29840636199998, -6.4293191 ], [ -77.298767236999936, -6.430606974999932 ], [ -77.299997236999957, -6.432817224999951 ], [ -77.300856361999934, -6.43493347499998 ], [ -77.300856929999952, -6.434934517999977 ], [ -77.301790236999977, -6.436645724999948 ], [ -77.302315736999958, -6.438269349999928 ], [ -77.302433986999972, -6.438634349999973 ], [ -77.302475236999953, -6.439819349999937 ], [ -77.302526736999937, -6.44129372499998 ], [ -77.302928986999973, -6.443138974999954 ], [ -77.303219736999949, -6.445004724999933 ], [ -77.303389611999989, -6.446094974999937 ], [ -77.303704361999962, -6.447451849999936 ], [ -77.304048236999961, -6.448934599999973 ], [ -77.304601986999955, -6.451322974999925 ], [ -77.305914736999966, -6.453723724999975 ], [ -77.307525361999978, -6.456115349999948 ], [ -77.309005861999935, -6.457289974999981 ], [ -77.310569861999966, -6.458531099999959 ], [ -77.31342523699999, -6.458702474999939 ], [ -77.315538236999942, -6.45967322499996 ], [ -77.318716736999988, -6.462381974999971 ], [ -77.321729986999969, -6.464949474999969 ], [ -77.323647361999974, -6.466583224999965 ], [ -77.32481986199997, -6.467255974999944 ], [ -77.325944111999945, -6.467480849999959 ], [ -77.326356611999984, -6.468027349999943 ], [ -77.326779361999968, -6.471464099999935 ], [ -77.32812211199996, -6.475699474999942 ], [ -77.32874673699996, -6.476939224999967 ], [ -77.328865236999945, -6.477729724999961 ], [ -77.329006236999987, -6.478671474999942 ], [ -77.329052611999941, -6.478980849999971 ], [ -77.329191986999945, -6.479911349999952 ], [ -77.329966861999935, -6.482012724999947 ], [ -77.331520986999976, -6.485301849999928 ], [ -77.332230486999947, -6.487398474999964 ], [ -77.332243111999958, -6.487461349999933 ], [ -77.332785486999967, -6.490165224999942 ], [ -77.332850361999988, -6.491462099999978 ], [ -77.332363986999951, -6.493018349999943 ], [ -77.330483486999981, -6.497492724999972 ], [ -77.330678111999987, -6.499535349999974 ], [ -77.331942486999935, -6.504560849999962 ], [ -77.332461361999947, -6.509716099999935 ], [ -77.333109736999972, -6.511564224999972 ], [ -77.334406611999952, -6.513898599999948 ], [ -77.335218486999963, -6.514989849999949 ], [ -77.335632736999969, -6.515546724999979 ], [ -77.335487236999938, -6.516646224999931 ], [ -77.335314486999948, -6.517951349999976 ], [ -77.335022736999974, -6.520156224999937 ], [ -77.335061486999962, -6.520805099999961 ], [ -77.335152361999974, -6.522328474999938 ], [ -77.336514111999975, -6.524727849999977 ], [ -77.337234861999946, -6.525799224999957 ], [ -77.339058861999945, -6.528511099999946 ], [ -77.340465111999947, -6.532000224999933 ], [ -77.340529111999956, -6.532158974999959 ], [ -77.340654361999952, -6.532533349999937 ], [ -77.341460986999948, -6.5349453499999 ], [ -77.34168948699994, -6.535397724999939 ], [ -77.341809986999976, -6.535636099999977 ], [ -77.343031111999949, -6.53805347499997 ], [ -77.343778986999951, -6.541078349999964 ], [ -77.344036236999955, -6.542560349999974 ], [ -77.344846736999955, -6.547229099999981 ], [ -77.347959236999941, -6.550536224999973 ], [ -77.349351986999977, -6.551672599999961 ], [ -77.349464861999934, -6.551819224999974 ], [ -77.350791486999981, -6.553542474999972 ], [ -77.352302736999945, -6.556148474999929 ], [ -77.354019861999973, -6.559085599999946 ], [ -77.354897861999973, -6.560587224999949 ], [ -77.357750986999974, -6.563440474999936 ], [ -77.359290986999952, -6.564445349999971 ], [ -77.360955111999942, -6.565068349999933 ], [ -77.362613611999961, -6.565021599999966 ], [ -77.363945361999981, -6.564882724999961 ], [ -77.36540423699995, -6.565126849999956 ], [ -77.365608111999961, -6.565160974999969 ], [ -77.36579986199996, -6.565193099999931 ], [ -77.366695861999972, -6.5656733499999 ], [ -77.367963611999983, -6.566340474999947 ], [ -77.369255236999948, -6.5667053499999 ], [ -77.370558486999983, -6.567033224999932 ], [ -77.372924861999934, -6.567363474999979 ], [ -77.375096986999949, -6.567525724999939 ], [ -77.377204611999957, -6.567039474999945 ], [ -77.377854986999978, -6.567213724999931 ], [ -77.37867573699998, -6.567433599999958 ], [ -77.380511736999949, -6.569227974999933 ], [ -77.383916111999952, -6.573378099999957 ], [ -77.384749486999965, -6.5753316 ], [ -77.385342736999974, -6.577884849999975 ], [ -77.385812236999982, -6.580417974999932 ], [ -77.386477486999979, -6.583104849999927 ], [ -77.387583611999958, -6.587571849999961 ], [ -77.388974111999971, -6.589621849999958 ], [ -77.391503111999953, -6.593350474999966 ], [ -77.392637861999958, -6.597111474999963 ], [ -77.392443361999938, -6.599056849999954 ], [ -77.393221486999948, -6.601520974999971 ], [ -77.393869861999974, -6.602688224999952 ], [ -77.394608111999958, -6.603024474999927 ], [ -77.395218236999938, -6.603302349999979 ], [ -77.398409111999968, -6.603952724999942 ], [ -77.40021573699994, -6.60432072499998 ], [ -77.400877236999975, -6.60445572499998 ], [ -77.403369736999935, -6.604244474999973 ], [ -77.408622236999975, -6.602915099999962 ], [ -77.411053986999946, -6.602915099999962 ], [ -77.413193861999957, -6.603855474999932 ], [ -77.415838486999974, -6.604217849999941 ], [ -77.418122111999935, -6.603758099999936 ], [ -77.423115236999934, -6.602753099999973 ], [ -77.42574136199994, -6.602493724999931 ], [ -77.427492236999967, -6.602688224999952 ], [ -77.429502486999979, -6.603433974999973 ], [ -77.430831736999949, -6.603595974999962 ], [ -77.434352236999985, -6.603248974999929 ], [ -77.435562611999956, -6.603001474999928 ], [ -77.436324236999951, -6.602845724999952 ], [ -77.437880861999986, -6.602527349999946 ], [ -77.437357236999958, -6.603114599999969 ], [ -77.436667861999979, -6.603887849999978 ], [ -77.436149111999953, -6.605217224999933 ], [ -77.436181611999984, -6.610339974999931 ], [ -77.435986986999978, -6.6155276 ], [ -77.43565436199998, -6.618070349999925 ], [ -77.433529736999958, -6.621149724999952 ], [ -77.430510236999964, -6.624104974999966 ], [ -77.428715861999933, -6.626347849999945 ], [ -77.427468486999942, -6.629916349999974 ], [ -77.427427361999946, -6.630020724999952 ], [ -77.426639611999974, -6.632020224999962 ], [ -77.423692611999968, -6.638061974999971 ], [ -77.421183611999936, -6.639939474999949 ], [ -77.415722861999939, -6.641952099999969 ], [ -77.411259611999981, -6.643577224999945 ], [ -77.408642111999939, -6.645259849999945 ], [ -77.407656236999969, -6.646331974999953 ], [ -77.405725361999941, -6.6498131 ], [ -77.405152986999951, -6.65164647499995 ], [ -77.404699111999946, -6.654240349999952 ], [ -77.404601861999936, -6.657320474999949 ], [ -77.404625861999989, -6.657467224999948 ], [ -77.405361986999935, -6.661110099999973 ], [ -77.405314736999969, -6.661677099999963 ], [ -77.40527111199998, -6.662200474999963 ], [ -77.40498611199996, -6.663054349999925 ], [ -77.403001236999955, -6.664621724999961 ], [ -77.401489236999964, -6.665977349999935 ], [ -77.397728111999982, -6.669349224999962 ], [ -77.396885236999935, -6.670970474999933 ], [ -77.396526236999989, -6.673688099999936 ], [ -77.396431361999987, -6.674407224999925 ], [ -77.395150361999981, -6.677122974999975 ], [ -77.393597861999979, -6.679114974999948 ], [ -77.391598236999982, -6.68052635 ], [ -77.389747986999964, -6.681667974999925 ], [ -77.389719111999966, -6.681673849999981 ], [ -77.388066236999975, -6.685106724999969 ], [ -77.387577986999986, -6.686511099999962 ], [ -77.385439986999984, -6.692661224999938 ], [ -77.385388736999971, -6.692726099999959 ], [ -77.381732986999964, -6.697589099999959 ], [ -77.381668236999985, -6.697880724999948 ], [ -77.381702736999955, -6.698182349999968 ], [ -77.381927986999983, -6.698782474999973 ], [ -77.382356486999981, -6.699275474999979 ], [ -77.383332486999961, -6.700150849999943 ], [ -77.385991236999985, -6.702096224999934 ], [ -77.389654986999972, -6.703879474999951 ], [ -77.392637861999958, -6.704560349999952 ], [ -77.39607461199995, -6.704787349999947 ], [ -77.398359236999966, -6.706396349999977 ], [ -77.400135361999958, -6.708452849999958 ], [ -77.401163736999933, -6.713781224999934 ], [ -77.402580111999953, -6.717759724999951 ], [ -77.403033361999974, -6.720605474999957 ], [ -77.403222736999965, -6.721426349999945 ], [ -77.403874611999981, -6.724251099999947 ], [ -77.405557236999982, -6.726214224999978 ], [ -77.407146486999977, -6.726775349999969 ], [ -77.408395236999979, -6.724727224999981 ], [ -77.408783611999979, -6.724137599999949 ], [ -77.410421736999979, -6.721650349999948 ], [ -77.410900736999963, -6.720923224999979 ], [ -77.411538861999986, -6.719954349999966 ], [ -77.412705111999969, -6.718183599999975 ], [ -77.415268861999948, -6.714676224999948 ], [ -77.415517361999946, -6.714191849999963 ], [ -77.416444861999935, -6.712383349999925 ], [ -77.417301486999975, -6.710384599999941 ], [ -77.418657861999975, -6.708076474999928 ], [ -77.419871361999981, -6.70672022499997 ], [ -77.420870736999973, -6.705958849999945 ], [ -77.422830236999971, -6.704899474999934 ], [ -77.424595736999947, -6.704123099999947 ], [ -77.427509361999967, -6.702841724999928 ], [ -77.42970386199994, -6.702434849999975 ], [ -77.43174486199996, -6.702175474999933 ], [ -77.433601611999961, -6.701939474999961 ], [ -77.437360361999936, -6.700985724999953 ], [ -77.438669111999957, -6.7001291 ], [ -77.439930236999942, -6.698915599999964 ], [ -77.441597486999967, -6.696716974999958 ], [ -77.441959736999934, -6.696239349999928 ], [ -77.442587111999956, -6.695411974999956 ], [ -77.444122986999957, -6.693386724999925 ], [ -77.445729236999966, -6.691442099999961 ], [ -77.446687986999962, -6.690281474999949 ], [ -77.446778361999975, -6.690172099999927 ], [ -77.447547861999965, -6.689240349999977 ], [ -77.447650986999975, -6.6891156 ], [ -77.449543236999943, -6.686756599999967 ], [ -77.450728861999949, -6.685709974999952 ], [ -77.452460986999938, -6.683855724999944 ], [ -77.453165236999951, -6.683101724999972 ], [ -77.454658986999959, -6.681688349999945 ], [ -77.456467486999941, -6.680522349999933 ], [ -77.457990236999933, -6.679998974999933 ], [ -77.460107986999958, -6.679570599999977 ], [ -77.460371736999946, -6.679579474999969 ], [ -77.462939611999957, -6.679665849999935 ], [ -77.466318361999981, -6.680879224999956 ], [ -77.468506111999943, -6.681808599999954 ], [ -77.470824236999988, -6.682793224999955 ], [ -77.475481986999966, -6.683628474999978 ], [ -77.478565861999982, -6.682953849999933 ], [ -77.482356361999962, -6.681476224999926 ], [ -77.485419736999972, -6.679562474999955 ], [ -77.48553511199998, -6.679509724999946 ], [ -77.487043611999979, -6.678314099999966 ], [ -77.489420611999947, -6.675620099999946 ], [ -77.491322736999962, -6.674800224999956 ], [ -77.49295223699994, -6.674442974999977 ], [ -77.494055236999941, -6.67445672499997 ], [ -77.494808361999958, -6.674466224999946 ], [ -77.49541211199994, -6.674339349999968 ], [ -77.496765611999933, -6.674054724999962 ], [ -77.498343736999971, -6.674205099999938 ], [ -77.499467111999934, -6.674542724999981 ], [ -77.50139636199998, -6.675484224999934 ], [ -77.501926111999978, -6.675627474999942 ], [ -77.502793236999935, -6.675861849999933 ], [ -77.504119111999955, -6.67598047499996 ], [ -77.505222361999984, -6.675620099999946 ], [ -77.507916236999961, -6.673808974999929 ], [ -77.509244861999946, -6.672826724999936 ], [ -77.510655861999965, -6.672339349999959 ], [ -77.512946611999951, -6.672642349999933 ], [ -77.51443236199998, -6.672894849999977 ], [ -77.516287236999972, -6.673390599999948 ], [ -77.516377486999943, -6.67341472499993 ], [ -77.517175486999975, -6.673627974999931 ], [ -77.517582986999969, -6.673922224999956 ], [ -77.518126111999948, -6.674963599999955 ], [ -77.518533736999984, -6.676616224999975 ], [ -77.520118486999934, -6.678902724999944 ], [ -77.520616486999984, -6.679536474999964 ], [ -77.52119761199998, -6.6796791 ], [ -77.522563361999971, -6.679174474999968 ], [ -77.524215986999934, -6.678653724999947 ], [ -77.528539986999988, -6.676118224999925 ], [ -77.531978111999933, -6.674751974999936 ], [ -77.53247248699995, -6.674633599999936 ], [ -77.53496936199997, -6.674035474999926 ], [ -77.535398236999981, -6.674080224999955 ], [ -77.539089486999956, -6.674465599999962 ], [ -77.540107486999943, -6.674919099999954 ], [ -77.540994486999978, -6.675245849999953 ], [ -77.541694861999986, -6.676008349999961 ], [ -77.542394986999966, -6.676599599999975 ], [ -77.54314186199997, -6.676973099999941 ], [ -77.544074236999961, -6.6769961 ], [ -77.544604611999944, -6.676552974999936 ], [ -77.545756111999935, -6.675572599999953 ], [ -77.546969986999954, -6.674187724999967 ], [ -77.547887986999967, -6.673518599999966 ], [ -77.549299486999985, -6.672586599999931 ], [ -77.550069236999946, -6.671839474999956 ], [ -77.551082236999946, -6.668837474999975 ], [ -77.551268986999958, -6.666791099999955 ], [ -77.553238611999973, -6.66396122499998 ], [ -77.554981736999935, -6.661697474999926 ], [ -77.556313986999953, -6.660820599999965 ], [ -77.556860986999936, -6.660460599999965 ], [ -77.557585236999955, -6.660067474999948 ], [ -77.558377486999973, -6.659637474999954 ], [ -77.558852986999966, -6.659139224999933 ], [ -77.559644236999986, -6.656795474999967 ], [ -77.560105236999959, -6.656239724999978 ], [ -77.56114211199997, -6.654612349999979 ], [ -77.561497111999984, -6.652160724999931 ], [ -77.561749736999957, -6.650416474999929 ], [ -77.562859986999968, -6.647751974999949 ], [ -77.563335361999975, -6.646642849999978 ], [ -77.563697611999942, -6.644084724999971 ], [ -77.564421986999946, -6.643020599999943 ], [ -77.565395486999989, -6.642047224999942 ], [ -77.566414236999947, -6.641617099999962 ], [ -77.56687048699996, -6.640737974999979 ], [ -77.567342361999977, -6.6398286 ], [ -77.568471736999982, -6.638549724999962 ], [ -77.568764736999981, -6.638217724999947 ], [ -77.570738236999944, -6.637791099999959 ], [ -77.571912486999963, -6.637234099999944 ], [ -77.572593861999962, -6.637006724999935 ], [ -77.573024611999983, -6.636862974999929 ], [ -77.574043361999941, -6.636251724999966 ], [ -77.574473486999977, -6.635527349999961 ], [ -77.574704236999935, -6.634927349999941 ], [ -77.574813111999958, -6.634644349999974 ], [ -77.575308611999958, -6.634490224999979 ], [ -77.575778736999951, -6.634531099999947 ], [ -77.577804611999966, -6.635092849999978 ], [ -77.578881861999946, -6.635391474999949 ], [ -77.57986148699996, -6.635663099999931 ], [ -77.581511986999942, -6.6355696 ], [ -77.583053486999972, -6.635119849999967 ], [ -77.58390273699996, -6.634626599999933 ], [ -77.586562486999981, -6.632448474999933 ], [ -77.58819011199995, -6.6311156 ], [ -77.588421986999947, -6.63092572499994 ], [ -77.588474486999985, -6.630882724999935 ], [ -77.589437611999983, -6.630094099999951 ], [ -77.594779236999955, -6.626937474999977 ], [ -77.596795111999938, -6.624773974999925 ], [ -77.598108111999977, -6.623868474999938 ], [ -77.59890048699998, -6.623121349999963 ], [ -77.600485111999944, -6.620631224999954 ], [ -77.602250986999934, -6.617348599999957 ], [ -77.603179111999964, -6.616329724999957 ], [ -77.60631523699999, -6.615019099999927 ], [ -77.607978486999968, -6.614224474999958 ], [ -77.610184361999984, -6.613903724999943 ], [ -77.612336736999964, -6.612261224999941 ], [ -77.613970736999988, -6.612273474999938 ], [ -77.615098111999941, -6.612923849999959 ], [ -77.616637361999949, -6.613682599999947 ], [ -77.616898111999944, -6.613726474999964 ], [ -77.618301736999967, -6.6137491 ], [ -77.619727861999934, -6.613477349999926 ], [ -77.621108861999971, -6.612775599999964 ], [ -77.62326761199995, -6.612644474999968 ], [ -77.625432861999968, -6.612798224999949 ], [ -77.626664111999958, -6.612740224999925 ], [ -77.627220861999945, -6.612673099999938 ], [ -77.628145361999941, -6.612561724999978 ], [ -77.631147486999964, -6.613360224999951 ], [ -77.631169736999937, -6.613369974999955 ], [ -77.632982486999936, -6.614523599999927 ], [ -77.633959986999969, -6.614929974999939 ], [ -77.635019986999964, -6.615819974999965 ], [ -77.635909986999934, -6.616289974999972 ], [ -77.636649986999942, -6.616859974999954 ], [ -77.637079986999936, -6.617269974999942 ], [ -77.637419986999987, -6.617669974999956 ], [ -77.637959986999988, -6.618719974999976 ], [ -77.638478986999985, -6.619770349999953 ], [ -77.639067736999948, -6.620294224999952 ], [ -77.639399986999933, -6.620589974999973 ], [ -77.639809986999978, -6.620979974999955 ], [ -77.640599986999973, -6.621479974999943 ], [ -77.641179986999987, -6.621629974999962 ], [ -77.641729986999962, -6.621609974999956 ], [ -77.642249986999957, -6.621669974999975 ], [ -77.642529986999989, -6.621709974999931 ], [ -77.642869986999983, -6.62185997499995 ], [ -77.643439986999965, -6.622359974999938 ], [ -77.644109986999979, -6.623299974999952 ], [ -77.644351861999951, -6.623747349999974 ], [ -77.644709986999942, -6.624409974999935 ], [ -77.64491998699998, -6.624719974999948 ], [ -77.645199986999955, -6.62499997499998 ], [ -77.646729986999958, -6.626299974999938 ], [ -77.64738998699994, -6.626699974999951 ], [ -77.647499986999946, -6.626799974999926 ], [ -77.647709986999985, -6.626889974999926 ], [ -77.647919986999966, -6.627099974999965 ], [ -77.650699986999939, -6.629421349999973 ], [ -77.650889986999971, -6.629579974999956 ], [ -77.650987486999952, -6.629779474999964 ], [ -77.651198486999988, -6.629821849999928 ], [ -77.651056486999948, -6.629920474999949 ], [ -77.651321486999962, -6.630462849999958 ], [ -77.65218148699995, -6.63226872499996 ], [ -77.653098736999937, -6.633443974999977 ], [ -77.653843986999959, -6.633959974999925 ], [ -77.653585986999985, -6.634762599999931 ], [ -77.653012736999983, -6.635679849999974 ], [ -77.653041361999954, -6.636023849999958 ], [ -77.653356736999967, -6.636253099999976 ], [ -77.654329986999983, -6.636589974999936 ], [ -77.655047986999989, -6.636883724999961 ], [ -77.655513111999937, -6.637865724999926 ], [ -77.655563861999951, -6.637972974999968 ], [ -77.655907861999935, -6.638144974999932 ], [ -77.656681861999971, -6.638431599999933 ], [ -77.658115111999962, -6.63969285 ], [ -77.659118361999958, -6.640954099999931 ], [ -77.659748986999944, -6.642416099999934 ], [ -77.659694861999981, -6.642577224999968 ], [ -77.659673236999936, -6.642641599999934 ], [ -77.659621361999939, -6.642795974999956 ], [ -77.659619986999985, -6.642799974999946 ], [ -77.659611236999979, -6.642809599999964 ], [ -77.659601986999974, -6.642819724999981 ], [ -77.659587361999968, -6.642835724999941 ], [ -77.659563361999972, -6.642861849999974 ], [ -77.659561986999961, -6.642863349999971 ], [ -77.659560236999937, -6.64286522499998 ], [ -77.659535611999956, -6.642892099999926 ], [ -77.659527611999977, -6.642900849999933 ], [ -77.659527361999949, -6.642904349999981 ], [ -77.659463861999939, -6.646079974999964 ], [ -77.659832611999946, -6.649658974999966 ], [ -77.661806486999978, -6.654364849999979 ], [ -77.662204986999939, -6.657387099999937 ], [ -77.662661861999936, -6.659899849999931 ], [ -77.664424986999961, -6.661196599999926 ], [ -77.666733111999974, -6.662219849999929 ], [ -77.669987736999985, -6.663394599999947 ], [ -77.672038111999939, -6.665037974999962 ], [ -77.67235448699995, -6.665292224999973 ], [ -77.673009986999944, -6.666649974999928 ], [ -77.673369986999944, -6.667089974999953 ], [ -77.673959986999989, -6.66790997499993 ], [ -77.674730986999975, -6.668582099999981 ], [ -77.674739986999953, -6.668589974999975 ], [ -77.675069986999972, -6.669269974999963 ], [ -77.675419986999941, -6.670679974999928 ], [ -77.67561686199997, -6.671003349999978 ], [ -77.675839986999961, -6.671369974999948 ], [ -77.675940611999977, -6.671470599999964 ], [ -77.676129986999968, -6.671659974999955 ], [ -77.676143236999962, -6.671669724999958 ], [ -77.676481111999976, -6.671919724999952 ], [ -77.676620611999965, -6.672022849999962 ], [ -77.676859986999943, -6.672199974999955 ], [ -77.677240486999949, -6.672772849999944 ], [ -77.677830486999937, -6.673097724999934 ], [ -77.679159986999935, -6.673829974999933 ], [ -77.679689986999961, -6.674099974999933 ], [ -77.680319986999962, -6.674339974999953 ], [ -77.682079986999952, -6.674739974999966 ], [ -77.682809986999985, -6.675329974999954 ], [ -77.683129986999973, -6.675369974999967 ], [ -77.683587861999968, -6.675415224999938 ], [ -77.683939986999974, -6.675449974999935 ], [ -77.684619986999962, -6.675809974999936 ], [ -77.684979986999963, -6.676049974999955 ], [ -77.686289986999952, -6.676679974999956 ], [ -77.688369986999987, -6.677369974999976 ], [ -77.688779986999975, -6.67743997499997 ], [ -77.689429986999983, -6.67743997499997 ], [ -77.690319986999953, -6.677229974999932 ], [ -77.690719986999966, -6.677209974999926 ], [ -77.691029986999979, -6.677339974999938 ], [ -77.691325236999944, -6.677645599999948 ], [ -77.691599986999961, -6.677929974999927 ], [ -77.692039986999987, -6.678279974999953 ], [ -77.692339986999968, -6.67841997499994 ], [ -77.692919986999982, -6.678519974999972 ], [ -77.693359986999951, -6.678529974999947 ], [ -77.694099986999959, -6.678399974999934 ], [ -77.695059986999979, -6.678069974999971 ], [ -77.695559986999967, -6.677959974999965 ], [ -77.696642486999963, -6.677587349999953 ], [ -77.697679986999958, -6.677229974999932 ], [ -77.698989986999948, -6.677039974999957 ], [ -77.699659986999961, -6.677029974999925 ], [ -77.700139986999943, -6.677089974999944 ], [ -77.700225361999969, -6.677085974999954 ], [ -77.700769986999944, -6.677059974999963 ], [ -77.701689986999952, -6.676889974999938 ], [ -77.701929986999971, -6.676759974999925 ], [ -77.702819986999941, -6.675849974999949 ], [ -77.703959986999962, -6.674919974999966 ], [ -77.704749986999957, -6.674509974999978 ], [ -77.705299986999989, -6.674349974999927 ], [ -77.705639986999984, -6.674099974999933 ], [ -77.705919986999959, -6.673709974999952 ], [ -77.706359986999985, -6.67322997499997 ], [ -77.707179986999961, -6.672879974999944 ], [ -77.708256736999942, -6.672201724999979 ], [ -77.709657861999972, -6.672020349999968 ], [ -77.709660111999938, -6.672019599999942 ], [ -77.709998361999965, -6.671617599999934 ], [ -77.711003111999958, -6.670514599999933 ], [ -77.711909486999957, -6.66916035 ], [ -77.712911236999958, -6.667521474999944 ], [ -77.713801236999984, -6.665382099999931 ], [ -77.714523486999951, -6.663083849999964 ], [ -77.71497261199994, -6.661654349999935 ], [ -77.715935486999967, -6.659123099999931 ], [ -77.719618861999948, -6.657455224999978 ], [ -77.721619736999969, -6.656501974999969 ], [ -77.723281736999979, -6.65571022499995 ], [ -77.726363236999987, -6.654242224999962 ], [ -77.733203361999983, -6.648035849999928 ], [ -77.736330986999974, -6.646854349999956 ], [ -77.73896511199996, -6.646468849999962 ], [ -77.739892611999949, -6.646917974999951 ], [ -77.740296611999952, -6.647456224999928 ], [ -77.740173861999949, -6.648249974999942 ], [ -77.739669861999971, -6.649566099999959 ], [ -77.738740236999945, -6.651993974999925 ], [ -77.738740236999945, -6.652957474999937 ], [ -77.739223111999934, -6.653697474999944 ], [ -77.739247736999971, -6.653735224999934 ], [ -77.740731861999961, -6.656009224999934 ], [ -77.742607361999944, -6.65869747499994 ], [ -77.742977986999961, -6.659228599999949 ], [ -77.743498236999983, -6.65997435 ], [ -77.745606486999975, -6.665158224999971 ], [ -77.746365861999948, -6.668985099999929 ], [ -77.745966111999962, -6.6715548499999 ], [ -77.744131361999962, -6.674806224999941 ], [ -77.742336361999946, -6.677986849999968 ], [ -77.742099361999976, -6.682107224999925 ], [ -77.741356111999949, -6.683976224999981 ], [ -77.740822236999975, -6.685585974999981 ], [ -77.74080386199995, -6.686206099999936 ], [ -77.741054861999942, -6.686688224999955 ], [ -77.743331986999976, -6.690110349999941 ], [ -77.743589611999937, -6.690497724999943 ], [ -77.744148361999976, -6.691242224999939 ], [ -77.744728486999975, -6.692328099999941 ], [ -77.745052361999967, -6.69359822499996 ], [ -77.744652736999967, -6.695711224999968 ], [ -77.74396173699995, -6.69741185 ], [ -77.74316786199995, -6.699365974999978 ], [ -77.743224986999962, -6.702221349999945 ], [ -77.743732611999974, -6.706130849999965 ], [ -77.743795986999942, -6.706618599999956 ], [ -77.74303398699999, -6.707469849999939 ], [ -77.741421861999982, -6.70808197499997 ], [ -77.740560486999982, -6.708947474999945 ], [ -77.739500486999987, -6.71109972499994 ], [ -77.739693236999983, -6.712416599999926 ], [ -77.740528361999964, -6.713765974999944 ], [ -77.741069736999975, -6.714640349999968 ], [ -77.741427736999981, -6.715499974999943 ], [ -77.741427875999989, -6.715500669999926 ], [ -77.741331486999968, -6.716528474999961 ], [ -77.742969736999953, -6.721732349999968 ], [ -77.745626486999981, -6.728057849999971 ], [ -77.745789111999954, -6.728445349999959 ], [ -77.74584548699994, -6.7307671 ], [ -77.745892861999948, -6.732718349999971 ], [ -77.74631048699996, -6.735769974999926 ], [ -77.747145736999983, -6.739110724999932 ], [ -77.747498986999972, -6.743254599999943 ], [ -77.74810936199998, -6.744924974999947 ], [ -77.748012986999981, -6.745824349999964 ], [ -77.747370611999941, -6.746948724999925 ], [ -77.747081486999946, -6.749100974999976 ], [ -77.746713736999936, -6.751838474999943 ], [ -77.74568323699998, -6.753360849999979 ], [ -77.745163361999971, -6.753845099999978 ], [ -77.744704361999936, -6.754272724999964 ], [ -77.743740861999981, -6.754786599999932 ], [ -77.741054361999943, -6.755793224999934 ], [ -77.740078611999934, -6.756553349999933 ], [ -77.739296861999946, -6.758630849999975 ], [ -77.737921986999936, -6.7597286 ], [ -77.737169236999989, -6.760329349999949 ], [ -77.736770111999988, -6.762046349999935 ], [ -77.735870736999971, -6.767892724999967 ], [ -77.735806361999948, -6.771972224999956 ], [ -77.735711486999946, -6.772944974999973 ], [ -77.735318236999944, -6.776977099999954 ], [ -77.735285486999942, -6.777311724999947 ], [ -77.73520698699997, -6.777949224999929 ], [ -77.734818361999942, -6.779099599999938 ], [ -77.73452748699998, -6.779560599999968 ], [ -77.73395511199999, -6.780138724999972 ], [ -77.732697236999968, -6.780892724999944 ], [ -77.731933486999935, -6.781959724999979 ], [ -77.731897861999983, -6.783467349999967 ], [ -77.732398861999968, -6.784415099999933 ], [ -77.732817986999976, -6.785207849999949 ], [ -77.733504986999947, -6.786507349999965 ], [ -77.735324556999956, -6.788290341999925 ], [ -77.737444611999933, -6.78909372499993 ], [ -77.737647236999976, -6.789124224999966 ], [ -77.739821736999943, -6.789639849999958 ], [ -77.743483736999963, -6.790025224999965 ], [ -77.744607986999938, -6.79031435 ], [ -77.746567486999936, -6.790603474999955 ], [ -77.749939486999949, -6.791706974999954 ], [ -77.75241011199995, -6.791867224999976 ], [ -77.753994736999971, -6.791598349999958 ], [ -77.756596611999953, -6.792225849999966 ], [ -77.757647361999943, -6.792479349999951 ], [ -77.759480861999975, -6.793269724999959 ], [ -77.761408236999955, -6.794940099999963 ], [ -77.763753111999961, -6.797220849999974 ], [ -77.764716861999943, -6.798441474999947 ], [ -77.764748986999962, -6.799758474999976 ], [ -77.764526736999983, -6.800687599999947 ], [ -77.76404211199997, -6.802713724999933 ], [ -77.763765861999957, -6.803278974999955 ], [ -77.763335486999949, -6.804159224999978 ], [ -77.761717611999984, -6.8077483499999 ], [ -77.760421361999988, -6.809666849999928 ], [ -77.759485736999977, -6.810671849999949 ], [ -77.758929236999961, -6.81126947499996 ], [ -77.75703961399995, -6.813378347999958 ], [ -77.757039111999973, -6.813378849999935 ], [ -77.754951486999971, -6.817522349999933 ], [ -77.753570236999963, -6.818807099999958 ], [ -77.751160986999935, -6.822469349999949 ], [ -77.749619111999948, -6.826484599999958 ], [ -77.748887236999963, -6.828390599999977 ], [ -77.74810936199998, -6.829504099999951 ], [ -77.747916611999983, -6.830499849999967 ], [ -77.747589486999971, -6.832190349999962 ], [ -77.746181986999943, -6.833904849999954 ], [ -77.744672236999975, -6.83596072499995 ], [ -77.741684861999943, -6.840586474999952 ], [ -77.740142986999956, -6.844087849999937 ], [ -77.739853861999961, -6.846336349999945 ], [ -77.740142986999956, -6.849066849999929 ], [ -77.74065686199998, -6.850608724999972 ], [ -77.741106611999953, -6.852503974999934 ], [ -77.740978111999937, -6.853917349999961 ], [ -77.73885798699996, -6.856069599999955 ], [ -77.738183486999958, -6.857450849999964 ], [ -77.73757311199995, -6.860952224999949 ], [ -77.736867486999984, -6.863603474999934 ], [ -77.73570998699995, -6.864678474999948 ], [ -77.735113986999977, -6.864972224999974 ], [ -77.73451298699996, -6.8652688499999 ], [ -77.733776986999942, -6.865631724999957 ], [ -77.733536486999981, -6.865715724999973 ], [ -77.732372986999962, -6.866121849999956 ], [ -77.731630361999976, -6.86638097499997 ], [ -77.730987986999935, -6.86695922499996 ], [ -77.731244986999968, -6.868758224999965 ], [ -77.732304986999964, -6.871038599999963 ], [ -77.733080486999938, -6.872707099999957 ], [ -77.733236611999985, -6.873833474999969 ], [ -77.732080111999949, -6.876114224999981 ], [ -77.731180736999988, -6.8783306 ], [ -77.72877148699996, -6.881285974999969 ], [ -77.728451111999959, -6.882003849999933 ], [ -77.727967861999957, -6.883445599999959 ], [ -77.727423236999982, -6.884825099999944 ], [ -77.72704198699995, -6.885977599999933 ], [ -77.727038861999972, -6.886021099999937 ], [ -77.726297986999953, -6.887614099999951 ], [ -77.724466986999971, -6.891211849999934 ], [ -77.72332486199997, -6.893455974999938 ], [ -77.721413361999964, -6.895740474999968 ], [ -77.721326611999984, -6.895844224999962 ], [ -77.720515111999987, -6.896290724999972 ], [ -77.719359486999963, -6.896319349999942 ], [ -77.718106736999971, -6.896608474999937 ], [ -77.716853986999979, -6.897379349999937 ], [ -77.716147236999973, -6.898053974999925 ], [ -77.715657861999944, -6.898752599999966 ], [ -77.71541723699994, -6.899426224999957 ], [ -77.714984111999968, -6.901142474999972 ], [ -77.713813236999954, -6.902233224999975 ], [ -77.708836361999943, -6.906116224999948 ], [ -77.707265986999971, -6.907829349999929 ], [ -77.707197986999972, -6.908182724999961 ], [ -77.707308736999948, -6.908847474999959 ], [ -77.707973361999962, -6.909600724999962 ], [ -77.709740611999962, -6.911350974999948 ], [ -77.71178686199994, -6.913064224999971 ], [ -77.713523861999988, -6.914896349999935 ], [ -77.714285361999941, -6.915443849999974 ], [ -77.714499486999955, -6.915967224999974 ], [ -77.714500486999952, -6.916054224999925 ], [ -77.715101236999942, -6.919005974999948 ], [ -77.715266861999964, -6.920655349999947 ], [ -77.71576061199994, -6.921201974999974 ], [ -77.716678111999954, -6.921755599999926 ], [ -77.720001611999976, -6.922898099999941 ], [ -77.724536736999937, -6.92372897499996 ], [ -77.727202486999943, -6.924732849999941 ], [ -77.732256861999986, -6.927606349999962 ], [ -77.73381636199997, -6.928577349999955 ], [ -77.734219111999948, -6.929197349999981 ], [ -77.734325111999965, -6.929711474999976 ], [ -77.734343736999961, -6.930277349999926 ], [ -77.73426473699999, -6.930548974999965 ], [ -77.734437861999936, -6.931206724999981 ], [ -77.736864611999977, -6.933594849999963 ], [ -77.738791986999956, -6.93449422499998 ], [ -77.739851986999952, -6.935490099999981 ], [ -77.739907736999953, -6.936088099999949 ], [ -77.74025398699996, -6.93709197499993 ], [ -77.74025398699996, -6.938649849999933 ], [ -77.740219361999948, -6.940484849999962 ], [ -77.739699986999938, -6.942873474999942 ], [ -77.739146111999958, -6.944673724999973 ], [ -77.738522986999953, -6.946543099999928 ], [ -77.738384486999962, -6.948343349999959 ], [ -77.739907736999953, -6.950489724999954 ], [ -77.742932986999961, -6.952806349999946 ], [ -77.744062111999938, -6.954574849999972 ], [ -77.745689236999965, -6.956201974999942 ], [ -77.748735736999947, -6.958417599999962 ], [ -77.751747611999974, -6.960252474999947 ], [ -77.754898111999978, -6.962087224999948 ], [ -77.756401111999935, -6.963147849999928 ], [ -77.758933611999964, -6.964507849999961 ], [ -77.759369111999945, -6.964355474999934 ], [ -77.760271861999968, -6.96382747499996 ], [ -77.76167598699999, -6.963218974999961 ], [ -77.764718736999953, -6.962493349999932 ], [ -77.765935861999935, -6.962118974999953 ], [ -77.767503861999955, -6.960176349999927 ], [ -77.768018861999963, -6.959216724999976 ], [ -77.768650611999988, -6.957414599999936 ], [ -77.769844361999958, -6.955635849999965 ], [ -77.770827361999977, -6.952733724999973 ], [ -77.771903986999973, -6.950580474999981 ], [ -77.773691861999964, -6.9486921 ], [ -77.776818111999944, -6.944785099999933 ], [ -77.777049986999941, -6.944124349999981 ], [ -77.777708361999942, -6.942248349999943 ], [ -77.778152986999942, -6.941757099999961 ], [ -77.778784861999952, -6.941452724999976 ], [ -77.779299861999959, -6.941452724999976 ], [ -77.779955111999982, -6.941944224999929 ], [ -77.781064236999953, -6.943244349999929 ], [ -77.782529611999962, -6.944729349999932 ], [ -77.784284986999978, -6.9465081 ], [ -77.785525486999973, -6.948169849999942 ], [ -77.78625098699996, -6.949293224999963 ], [ -77.786812736999934, -6.951610224999968 ], [ -77.787163736999958, -6.953388974999939 ], [ -77.787631861999955, -6.954910349999977 ], [ -77.788388986999962, -6.955294599999945 ], [ -77.789527611999972, -6.955565599999943 ], [ -77.791002111999944, -6.955916724999952 ], [ -77.79324898699997, -6.957040099999972 ], [ -77.794606361999968, -6.9581401 ], [ -77.795612861999984, -6.959755099999938 ], [ -77.797666611999944, -6.962243349999937 ], [ -77.800574611999934, -6.964880724999944 ], [ -77.801931986999989, -6.966144474999965 ], [ -77.802523986999972, -6.966170974999955 ], [ -77.803734236999958, -6.965629599999943 ], [ -77.804623611999943, -6.965231724999967 ], [ -77.806415236999953, -6.963750474999927 ], [ -77.808017986999971, -6.962586474999966 ], [ -77.808766111999944, -6.962025349999976 ], [ -77.809889611999949, -6.961182724999958 ], [ -77.811083236999934, -6.960831599999949 ], [ -77.811387361999948, -6.960870349999936 ], [ -77.812370486999953, -6.960995599999933 ], [ -77.813540736999983, -6.96094872499998 ], [ -77.815576861999944, -6.960620974999927 ], [ -77.817191861999959, -6.960199724999939 ], [ -77.820585861999973, -6.960066974999961 ], [ -77.821306611999944, -6.960061849999931 ], [ -77.821662111999956, -6.960059349999938 ], [ -77.82282173699997, -6.959776974999954 ], [ -77.823931611999967, -6.959001099999966 ], [ -77.824938736999968, -6.957882724999934 ], [ -77.827186611999934, -6.957085474999928 ], [ -77.82905961199998, -6.956871724999928 ], [ -77.831739486999936, -6.956798099999958 ], [ -77.83267779199997, -6.956789589999971 ], [ -77.833434611999962, -6.956782724999925 ], [ -77.834029236999982, -6.957058724999968 ], [ -77.834345986999949, -6.957205724999938 ], [ -77.835283611999955, -6.95959122499994 ], [ -77.835938861999978, -6.962072099999943 ], [ -77.836621986999944, -6.964733099999933 ], [ -77.837390986999935, -6.967040349999934 ], [ -77.837881486999947, -6.970123224999952 ], [ -77.838419736999981, -6.971644599999934 ], [ -77.839236611999979, -6.973233724999943 ], [ -77.840809361999959, -6.975611599999979 ], [ -77.841408486999967, -6.976360599999964 ], [ -77.842194986999971, -6.976884849999976 ], [ -77.843262111999934, -6.976978474999953 ], [ -77.843884361999983, -6.976899474999925 ], [ -77.844441736999954, -6.976828724999962 ], [ -77.845864736999943, -6.976398099999926 ], [ -77.847493736999979, -6.975611599999979 ], [ -77.850358486999937, -6.974432099999945 ], [ -77.852752736999946, -6.973604474999945 ], [ -77.853054611999937, -6.973327349999977 ], [ -77.853616361999968, -6.973009099999956 ], [ -77.854167236999956, -6.972955474999935 ], [ -77.85475848699997, -6.973027849999937 ], [ -77.855376361999959, -6.973009099999956 ], [ -77.855860736999944, -6.972826474999977 ], [ -77.856597861999944, -6.972177724999938 ], [ -77.857716861999961, -6.971192849999966 ], [ -77.858297236999988, -6.970837099999926 ], [ -77.859121111999968, -6.970612474999939 ], [ -77.860693861999948, -6.970331599999952 ], [ -77.86301561199997, -6.968983474999959 ], [ -77.864753736999944, -6.968257599999959 ], [ -77.865852986999982, -6.967954599999928 ], [ -77.867134861999943, -6.967672849999929 ], [ -77.868838736999976, -6.967298349999965 ], [ -77.869999611999958, -6.967110974999969 ], [ -77.872040486999936, -6.966980099999944 ], [ -77.873182611999937, -6.96654935 ], [ -77.873800486999983, -6.966100099999949 ], [ -77.874117986999977, -6.96567672499998 ], [ -77.874923861999946, -6.964602099999979 ], [ -77.876122236999947, -6.963740849999965 ], [ -77.877638861999969, -6.963141724999957 ], [ -77.879354736999971, -6.962571974999946 ], [ -77.880341736999981, -6.962503849999962 ], [ -77.881016486999954, -6.962848849999943 ], [ -77.881778111999949, -6.963541224999972 ], [ -77.882816736999985, -6.964926099999957 ], [ -77.884135986999979, -6.966493224999965 ], [ -77.884641486999953, -6.96737322499996 ], [ -77.884771361999981, -6.967800349999948 ], [ -77.88490361199996, -6.9682346 ], [ -77.885540236999987, -6.969657474999963 ], [ -77.886233111999957, -6.970762099999945 ], [ -77.887056861999952, -6.971642224999925 ], [ -77.888455611999973, -6.972519224999928 ], [ -77.88981486199998, -6.9729771 ], [ -77.890576861999989, -6.973233724999943 ], [ -77.891441361999966, -6.973524849999933 ], [ -77.89236686199996, -6.973960474999956 ], [ -77.893647486999953, -6.974563099999955 ], [ -77.894049111999948, -6.974752099999932 ], [ -77.894602486999986, -6.975012474999971 ], [ -77.895557236999935, -6.975670849999972 ], [ -77.89808511199999, -6.979712099999972 ], [ -77.898665361999974, -6.98012422499994 ], [ -77.899170986999934, -6.980329974999961 ], [ -77.899458111999934, -6.980446849999964 ], [ -77.900006486999985, -6.980670099999941 ], [ -77.900968486999943, -6.9808168499999 ], [ -77.902073236999968, -6.980985349999969 ], [ -77.903684486999964, -6.981024099999956 ], [ -77.904394986999989, -6.980985349999969 ], [ -77.905424736999976, -6.9809293499999 ], [ -77.907006986999988, -6.980673599999932 ], [ -77.908237611999937, -6.980553474999965 ], [ -77.909163861999957, -6.980462974999966 ], [ -77.90981798699994, -6.980399099999943 ], [ -77.910661861999984, -6.980316724999966 ], [ -77.911830236999947, -6.980329474999962 ], [ -77.913132986999983, -6.980343724999955 ], [ -77.913543236999942, -6.980369974999974 ], [ -77.914061986999968, -6.980403099999933 ], [ -77.915290236999965, -6.980567849999943 ], [ -77.916062611999962, -6.980897849999963 ], [ -77.916511861999936, -6.981202974999974 ], [ -77.916877986999964, -6.981451724999943 ], [ -77.918091236999942, -6.982275349999952 ], [ -77.919828861999974, -6.983263974999943 ], [ -77.921069361999969, -6.983791849999932 ], [ -77.922495111999979, -6.984522224999978 ], [ -77.923001861999978, -6.984781849999933 ], [ -77.923170361999951, -6.984868224999957 ], [ -77.923396736999962, -6.984984099999963 ], [ -77.926329736999946, -6.986244849999935 ], [ -77.927158236999958, -6.986565849999977 ], [ -77.927527986999962, -6.98670922499997 ], [ -77.928650236999943, -6.986759349999943 ], [ -77.930164361999971, -6.986469474999979 ], [ -77.930739986999981, -6.986169974999939 ], [ -77.930742236999947, -6.986167974999944 ], [ -77.930744611999955, -6.986166474999948 ], [ -77.930758236999964, -6.986155599999961 ], [ -77.930761111999971, -6.986153349999938 ], [ -77.930985361999944, -6.9859763499999 ], [ -77.931119986999988, -6.985869974999957 ], [ -77.931603486999961, -6.985663974999966 ], [ -77.931729986999983, -6.985609974999932 ], [ -77.932249986999977, -6.985209974999975 ], [ -77.932649986999934, -6.984669974999974 ], [ -77.932669244999943, -6.984644039999978 ], [ -77.933399986999973, -6.983659974999966 ], [ -77.933589986999948, -6.983289974999934 ], [ -77.93377998699998, -6.982549974999927 ], [ -77.934289986999943, -6.981519974999969 ], [ -77.934429986999987, -6.980759974999955 ], [ -77.934699986999988, -6.980059974999961 ], [ -77.93493998699995, -6.97969997499996 ], [ -77.93517998699997, -6.979489974999979 ], [ -77.935549986999945, -6.979349974999934 ], [ -77.936269986999946, -6.979179974999965 ], [ -77.937169986999947, -6.979039974999978 ], [ -77.937289986999986, -6.978969974999927 ], [ -77.937839986999961, -6.978419974999952 ], [ -77.938249986999949, -6.977679974999944 ], [ -77.938599986999975, -6.977219974999969 ], [ -77.939239986999951, -6.976549974999955 ], [ -77.939819986999964, -6.976139974999967 ], [ -77.94054998699994, -6.975919974999954 ], [ -77.941029986999979, -6.97593997499996 ], [ -77.941729986999974, -6.976079974999948 ], [ -77.941999986999974, -6.976079974999948 ], [ -77.942649986999982, -6.975899974999948 ], [ -77.943139986999938, -6.975629974999947 ], [ -77.94406242499997, -6.975223826999979 ], [ -77.944479986999966, -6.975039974999959 ], [ -77.944779986999947, -6.974859974999958 ], [ -77.945119986999941, -6.97444997499997 ], [ -77.945319986999948, -6.974129974999926 ], [ -77.945819986999936, -6.973869974999957 ], [ -77.946289986999943, -6.973719974999938 ], [ -77.946729986999969, -6.973649974999944 ], [ -77.947969986999965, -6.973619974999963 ], [ -77.949154236999959, -6.973431599999969 ], [ -77.950555236999946, -6.973794724999948 ], [ -77.952929986999948, -6.974409974999958 ], [ -77.954349986999944, -6.974519974999964 ], [ -77.954989986999976, -6.974619974999939 ], [ -77.955269986999951, -6.974739974999977 ], [ -77.95576998699994, -6.974969974999965 ], [ -77.956146611999941, -6.975183349999952 ], [ -77.95636998699996, -6.975309974999959 ], [ -77.956899986999986, -6.975499974999934 ], [ -77.957919986999968, -6.975489974999959 ], [ -77.959229986999958, -6.975829974999954 ], [ -77.959549986999946, -6.975859974999935 ], [ -77.960109986999953, -6.976009974999954 ], [ -77.960699986999941, -6.97644997499998 ], [ -77.961109986999986, -6.976619974999949 ], [ -77.961319986999968, -6.97664997499993 ], [ -77.961859986999968, -6.976639974999955 ], [ -77.962889986999983, -6.97617997499998 ], [ -77.963509986999952, -6.975679974999935 ], [ -77.963689986999952, -6.975619974999972 ], [ -77.964399986999979, -6.97506997499994 ], [ -77.965069986999936, -6.974699974999965 ], [ -77.96609998699995, -6.973939974999951 ], [ -77.967169986999977, -6.97268997499998 ], [ -77.967429986999946, -6.972499974999948 ], [ -77.968499986999973, -6.972009974999935 ], [ -77.969429986999955, -6.971749974999966 ], [ -77.969749986999943, -6.971609974999978 ], [ -77.970389986999976, -6.971209974999965 ], [ -77.971019986999977, -6.970609974999945 ], [ -77.971459986999946, -6.970359974999951 ], [ -77.971759986999984, -6.970309974999964 ], [ -77.972339986999941, -6.970449974999951 ], [ -77.972679986999935, -6.970579974999964 ], [ -77.972879986999942, -6.970569974999933 ], [ -77.973669486999938, -6.970011349999936 ], [ -77.973939986999937, -6.96981997499995 ], [ -77.974359986999957, -6.96963997499995 ], [ -77.974859986999945, -6.969279974999949 ], [ -77.975199986999939, -6.968979974999968 ], [ -77.97546998699994, -6.968579974999955 ], [ -77.975617486999965, -6.968449474999943 ], [ -77.975729986999966, -6.968349974999967 ], [ -77.976209986999947, -6.968139974999929 ], [ -77.976929986999949, -6.96769997499996 ], [ -77.977279986999974, -6.96718997499994 ], [ -77.977379986999949, -6.966789974999926 ], [ -77.977759986999956, -6.966409974999976 ], [ -77.978129986999988, -6.966189974999963 ], [ -77.97860998699997, -6.965989974999957 ], [ -77.978959986999939, -6.965919974999963 ], [ -77.979429986999946, -6.965939974999969 ], [ -77.979869986999972, -6.96587997499995 ], [ -77.980179986999985, -6.965759974999969 ], [ -77.980999986999961, -6.965329974999975 ], [ -77.981789986999956, -6.964639974999955 ], [ -77.982899986999939, -6.963489974999959 ], [ -77.983299986999953, -6.963219974999959 ], [ -77.983579986999985, -6.963089974999946 ], [ -77.983939986999985, -6.963099974999977 ], [ -77.984259986999973, -6.963209974999927 ], [ -77.984669986999961, -6.963209974999927 ], [ -77.985419986999943, -6.962969974999965 ], [ -77.986059986999976, -6.962969974999965 ], [ -77.987119986999971, -6.963309974999959 ], [ -77.988589986999955, -6.963899974999947 ], [ -77.989209986999981, -6.964079974999947 ], [ -77.989619986999969, -6.964089974999979 ], [ -77.991029986999933, -6.963909974999979 ], [ -77.99140998699994, -6.963909974999979 ], [ -77.991526736999958, -6.963925974999938 ], [ -77.992139986999973, -6.964009974999954 ], [ -77.993789986999957, -6.96453997499998 ], [ -77.995229986999959, -6.965299974999937 ], [ -77.99567998699996, -6.965589974999943 ], [ -77.996149986999967, -6.966229974999976 ], [ -77.996299986999986, -6.966339974999926 ], [ -77.997759986999938, -6.966899974999933 ], [ -77.998079986999983, -6.967059974999927 ], [ -77.998429986999952, -6.967319974999953 ], [ -77.998739986999965, -6.967679974999953 ], [ -77.999029986999972, -6.96856997499998 ], [ -77.999189986999966, -6.969399974999931 ], [ -77.999409986999979, -6.970049974999938 ], [ -77.999489986999947, -6.970189974999926 ], [ -77.999505111999952, -6.970357599999943 ], [ -77.999506486999962, -6.970531599999958 ], [ -77.999993736999954, -6.97052122499997 ], [ -77.999999986999967, -6.970521099999928 ], [ -78.000254236999979, -6.970515599999942 ], [ -78.00116011199998, -6.970164599999976 ], [ -78.001649486999952, -6.969479474999957 ], [ -78.001787861999958, -6.968550724999943 ], [ -78.001811611999983, -6.967313349999927 ], [ -78.001763986999947, -6.965909474999933 ], [ -78.00159748699997, -6.964886349999972 ], [ -78.00143086199995, -6.964386599999955 ], [ -78.001073986999984, -6.963934474999974 ], [ -78.000574361999952, -6.963173099999949 ], [ -77.999999986999967, -6.962546474999954 ], [ -77.999992111999973, -6.962537974999975 ], [ -77.999789111999974, -6.962316474999966 ], [ -77.999751861999982, -6.962269099999958 ], [ -77.999534861999962, -6.96199297499993 ], [ -77.999527361999981, -6.961983349999969 ], [ -77.999475736999955, -6.961867224999935 ], [ -77.999336986999936, -6.961555099999941 ], [ -77.999316361999945, -6.961100474999967 ], [ -77.999313236999967, -6.961031599999956 ], [ -77.999336986999936, -6.960127349999937 ], [ -77.999401861999957, -6.959283599999935 ], [ -77.999455986999976, -6.958580724999933 ], [ -77.999455986999976, -6.957390974999953 ], [ -77.999217986999952, -6.956272599999977 ], [ -77.998872736999942, -6.955500724999979 ], [ -77.998525986999937, -6.953651724999929 ], [ -77.997739611999975, -6.952039724999963 ], [ -77.99781823699999, -6.950938974999929 ], [ -77.99829011199995, -6.950113224999939 ], [ -77.998997736999968, -6.949444849999963 ], [ -77.99998798699994, -6.94859622499996 ], [ -77.999989486999937, -6.9485941 ], [ -78.00001048699994, -6.948564224999927 ], [ -78.000312611999959, -6.948134849999974 ], [ -78.000645736999957, -6.947468599999979 ], [ -78.000645736999957, -6.946849974999964 ], [ -78.000645736999957, -6.946374099999957 ], [ -78.000502861999962, -6.945755474999942 ], [ -78.000288736999948, -6.945065349999936 ], [ -77.999999986999967, -6.94466822499993 ], [ -77.999988861999952, -6.944652849999954 ], [ -77.999908111999957, -6.944541849999951 ], [ -77.999432111999965, -6.94401847499995 ], [ -77.999265611999988, -6.943590099999938 ], [ -77.999265611999988, -6.942971474999979 ], [ -77.999265611999988, -6.942209974999969 ], [ -77.999300361999985, -6.941758224999944 ], [ -77.999277986999971, -6.941562224999927 ], [ -77.999345736999942, -6.941172974999972 ], [ -77.999381986999936, -6.941150474999972 ], [ -77.999396486999956, -6.940969849999931 ], [ -77.999667236999983, -6.940157599999964 ], [ -77.999987861999955, -6.939526099999966 ], [ -77.999999986999967, -6.939502349999941 ], [ -78.000012111999979, -6.939478599999973 ], [ -78.00020873699998, -6.939091349999956 ], [ -78.000885736999976, -6.93829597499996 ], [ -78.001867236999942, -6.937754474999963 ], [ -78.002797986999951, -6.937314474999937 ], [ -78.003762611999946, -6.937043724999967 ], [ -78.004981111999939, -6.936925224999925 ], [ -78.005701611999939, -6.936925224999925 ], [ -78.006250361999946, -6.936925224999925 ], [ -78.007079611999984, -6.937009849999981 ], [ -78.007925736999937, -6.937111349999952 ], [ -78.008759736999934, -6.937193349999973 ], [ -78.009364236999943, -6.937094474999981 ], [ -78.010599611999965, -6.936772849999954 ], [ -78.010954986999934, -6.936502099999927 ], [ -78.011411986999974, -6.936079099999972 ], [ -78.011885736999943, -6.935469849999947 ], [ -78.012376611999969, -6.934843599999965 ], [ -78.012579611999968, -6.934606724999981 ], [ -78.012735455999973, -6.934401572999946 ], [ -78.013113361999956, -6.9339041 ], [ -78.01345448699999, -6.933172974999934 ], [ -78.013640611999961, -6.931683849999956 ], [ -78.013335361999964, -6.930379474999938 ], [ -78.01272486199997, -6.929130599999951 ], [ -78.012582486999975, -6.928754599999934 ], [ -78.012336236999943, -6.928103724999971 ], [ -78.011919986999942, -6.926799349999953 ], [ -78.011142861999986, -6.92566147499997 ], [ -78.010504611999977, -6.925023099999976 ], [ -78.009699736999949, -6.924356974999966 ], [ -78.009172361999958, -6.924107224999943 ], [ -78.008700611999984, -6.924079474999928 ], [ -78.008611986999938, -6.924096349999957 ], [ -78.008228861999953, -6.924218224999947 ], [ -78.007340736999936, -6.924245974999963 ], [ -78.006730111999957, -6.923996224999939 ], [ -78.006258361999983, -6.923441224999976 ], [ -78.005925361999971, -6.922442099999955 ], [ -78.005786486999966, -6.921775974999946 ], [ -78.005370236999966, -6.921054474999949 ], [ -78.00498173699998, -6.920554849999974 ], [ -78.004870736999976, -6.91994435 ], [ -78.00498173699998, -6.918778724999981 ], [ -78.005120486999942, -6.917363224999974 ], [ -78.005130986999973, -6.916985224999962 ], [ -78.005148236999958, -6.916364099999953 ], [ -78.005120486999942, -6.915781349999975 ], [ -78.004898486999934, -6.9152541 ], [ -78.004614361999984, -6.914915974999928 ], [ -78.004315611999971, -6.914560224999946 ], [ -78.003482986999984, -6.913755349999974 ], [ -78.002511736999963, -6.913311349999958 ], [ -78.001967861999958, -6.913130099999933 ], [ -78.001845611999954, -6.91308935 ], [ -78.00120723699996, -6.912839474999942 ], [ -78.00084648699999, -6.912589724999975 ], [ -78.000705111999935, -6.912291349999975 ], [ -78.000777986999935, -6.9118546 ], [ -78.000768111999946, -6.910750974999928 ], [ -78.000793736999981, -6.910375724999938 ], [ -78.000776611999981, -6.910153974999957 ], [ -78.000725486999954, -6.909974849999969 ], [ -78.000623111999971, -6.909778724999967 ], [ -78.000503736999974, -6.909599599999979 ], [ -78.000367236999978, -6.909258474999945 ], [ -78.000383736999936, -6.909218474999932 ], [ -78.00010348699999, -6.908850599999937 ], [ -77.999999986999967, -6.908724974999927 ], [ -77.999982986999953, -6.908704349999937 ], [ -77.999770361999936, -6.908446099999935 ], [ -77.999651361999952, -6.907922599999949 ], [ -77.999627611999983, -6.907232599999929 ], [ -77.999603861999958, -6.906471224999962 ], [ -77.999556236999979, -6.90530522499995 ], [ -77.99941348699997, -6.904282099999932 ], [ -77.999199361999956, -6.903235099999961 ], [ -77.998842361999948, -6.901759849999962 ], [ -77.998699611999939, -6.900784224999938 ], [ -77.99865198699996, -6.900117974999944 ], [ -77.998699611999939, -6.899499349999928 ], [ -77.999056486999962, -6.898357224999927 ], [ -77.999460986999964, -6.897262724999962 ], [ -77.999817986999972, -6.896429849999947 ], [ -77.999981361999971, -6.896286974999953 ], [ -78.000018736999948, -6.89625422499995 ], [ -78.000388986999951, -6.895930224999972 ], [ -78.001507361999984, -6.89540672499993 ], [ -78.002482986999951, -6.895168724999962 ], [ -78.003458486999989, -6.895049724999978 ], [ -78.004600736999976, -6.8948118499999 ], [ -78.004981361999967, -6.894621474999951 ], [ -78.00526698699997, -6.894288349999954 ], [ -78.005481111999984, -6.893598349999934 ], [ -78.005457236999973, -6.892384724999943 ], [ -78.005314486999964, -6.8909571 ], [ -78.00524311199996, -6.889481849999981 ], [ -78.005385861999969, -6.888387224999974 ], [ -78.005370986999935, -6.8880301 ], [ -78.005362111999943, -6.887816224999938 ], [ -78.005076611999982, -6.887268974999927 ], [ -78.004719611999974, -6.886911974999975 ], [ -78.004005861999985, -6.886245724999981 ], [ -78.003363361999959, -6.885769849999974 ], [ -78.002697111999964, -6.884913224999934 ], [ -78.002078486999949, -6.884032849999926 ], [ -78.001879736999967, -6.8836443499999 ], [ -78.001554986999963, -6.883009724999965 ], [ -78.00119811199994, -6.882153099999925 ], [ -78.001079111999957, -6.881605849999971 ], [ -78.001269486999945, -6.881082349999929 ], [ -78.001626361999968, -6.880725474999963 ], [ -78.002340236999942, -6.880320974999961 ], [ -78.003291986999955, -6.879844974999969 ], [ -78.004029611999954, -6.879369099999963 ], [ -78.004386486999977, -6.878940849999935 ], [ -78.004838611999958, -6.87836972499997 ], [ -78.005362111999943, -6.877655974999925 ], [ -78.005980736999959, -6.876870724999947 ], [ -78.006022361999953, -6.876796474999935 ], [ -78.006337736999967, -6.876323474999936 ], [ -78.00652798699997, -6.875918849999948 ], [ -78.006385236999961, -6.875276474999964 ], [ -78.005980736999959, -6.874800599999958 ], [ -78.005362111999943, -6.874348474999977 ], [ -78.004837986999974, -6.874040849999972 ], [ -78.004267611999978, -6.87370597499995 ], [ -78.003077861999941, -6.87301597499993 ], [ -78.002221236999958, -6.872373474999961 ], [ -78.001650111999936, -6.871540724999932 ], [ -78.00112661199995, -6.86980372499994 ], [ -78.000817361999964, -6.868280849999962 ], [ -78.000793486999953, -6.867257724999945 ], [ -78.001079111999957, -6.865782349999961 ], [ -78.001150486999961, -6.864997224999968 ], [ -78.001388361999943, -6.86395022499994 ], [ -78.001650111999936, -6.862284599999953 ], [ -78.002054611999938, -6.861237599999981 ], [ -78.002601986999935, -6.860166849999928 ], [ -78.00322061199995, -6.859429224999928 ], [ -78.003981986999975, -6.8588106 ], [ -78.004695861999949, -6.858548849999977 ], [ -78.005600111999968, -6.858477474999972 ], [ -78.007099111999935, -6.858263349999959 ], [ -78.007718861999933, -6.858044599999971 ], [ -78.008312611999941, -6.857834974999946 ], [ -78.009645111999987, -6.857382849999965 ], [ -78.010596861999943, -6.856930849999969 ], [ -78.011405986999989, -6.856383474999973 ], [ -78.01183423699996, -6.855693474999953 ], [ -78.012286361999941, -6.85474172499994 ], [ -78.01277648699994, -6.853597974999957 ], [ -78.012785986999972, -6.853575724999928 ], [ -78.013047736999965, -6.852504974999931 ], [ -78.013404736999973, -6.851743599999963 ], [ -78.013999611999964, -6.851196349999952 ], [ -78.014760986999988, -6.8509346 ], [ -78.015593736999961, -6.850982099999953 ], [ -78.016664486999957, -6.851505599999939 ], [ -78.017568736999976, -6.851957724999977 ], [ -78.018353986999955, -6.852267099999949 ], [ -78.019448486999977, -6.852362224999979 ], [ -78.019995736999988, -6.852409849999958 ], [ -78.020543111999984, -6.852338474999954 ], [ -78.02089998699995, -6.852148099999965 ], [ -78.021399736999967, -6.851719849999938 ], [ -78.022065986999962, -6.851148724999973 ], [ -78.022732111999971, -6.85076797499994 ], [ -78.023707736999938, -6.850625224999931 ], [ -78.024683361999962, -6.850577599999951 ], [ -78.026063361999945, -6.850577599999951 ], [ -78.027134236999984, -6.850577599999951 ], [ -78.027943236999988, -6.850268349999965 ], [ -78.028847361999965, -6.849887599999931 ], [ -78.029608861999975, -6.849316474999966 ], [ -78.030132236999975, -6.848793099999966 ], [ -78.030608236999967, -6.848269599999981 ], [ -78.030941361999965, -6.847746099999938 ], [ -78.031107861999942, -6.847056099999975 ], [ -78.031107861999942, -6.846722974999977 ], [ -78.030893736999985, -6.846246974999929 ], [ -78.030441611999947, -6.845699724999974 ], [ -78.029918111999962, -6.8449383499999 ], [ -78.029584986999964, -6.84429585 ], [ -78.029457863999937, -6.844128982999962 ], [ -78.029204361999973, -6.843796224999949 ], [ -78.029142736999972, -6.843707599999959 ], [ -78.028309111999988, -6.842689474999929 ], [ -78.027887986999986, -6.842488974999981 ], [ -78.027834236999979, -6.842501849999962 ], [ -78.027468736999936, -6.842311099999961 ], [ -78.026374111999985, -6.842001849999974 ], [ -78.025446111999941, -6.841692474999945 ], [ -78.024660986999947, -6.841359349999948 ], [ -78.024107861999937, -6.841013724999925 ], [ -78.024089861999983, -6.841002474999925 ], [ -78.02382811199999, -6.840574099999969 ], [ -78.023780486999954, -6.839907849999975 ], [ -78.023661611999955, -6.838837099999978 ], [ -78.023423611999988, -6.838170849999926 ], [ -78.022828736999941, -6.837552224999968 ], [ -78.022424236999939, -6.837242849999939 ], [ -78.022067361999973, -6.836957349999977 ], [ -78.021662861999971, -6.8365291 ], [ -78.021305861999963, -6.83593422499996 ], [ -78.020877611999936, -6.835458349999953 ], [ -78.020407236999972, -6.835078474999932 ], [ -78.020258986999977, -6.834958599999936 ], [ -78.019687861999955, -6.834506474999955 ], [ -78.018807486999947, -6.83400685 ], [ -78.018022236999968, -6.833673724999926 ], [ -78.01723698699999, -6.833364349999954 ], [ -78.016475611999965, -6.833126474999972 ], [ -78.016300986999966, -6.83306022499994 ], [ -78.01578548699996, -6.832864724999979 ], [ -78.015262111999959, -6.832412599999941 ], [ -78.014905111999951, -6.831912849999981 ], [ -78.014928986999962, -6.831175224999981 ], [ -78.015333486999964, -6.830294849999973 ], [ -78.01578548699996, -6.829462099999944 ], [ -78.016118611999957, -6.828415099999972 ], [ -78.016166236999936, -6.827701224999942 ], [ -78.016118611999957, -6.827272974999971 ], [ -78.015952111999979, -6.826868474999969 ], [ -78.015933111999971, -6.826845474999971 ], [ -78.015831986999956, -6.826723349999952 ], [ -78.015380986999958, -6.826178349999964 ], [ -78.014905111999951, -6.825440724999964 ], [ -78.01445298699997, -6.8246793499999 ], [ -78.014143736999984, -6.82403685 ], [ -78.01376298699995, -6.822870974999944 ], [ -78.013691611999946, -6.821966724999925 ], [ -78.013691611999946, -6.821252849999951 ], [ -78.014000986999974, -6.820729474999951 ], [ -78.014643361999958, -6.820324974999949 ], [ -78.015404861999968, -6.82011072499995 ], [ -78.016213861999972, -6.819991849999951 ], [ -78.016784861999952, -6.820015599999977 ], [ -78.017403611999953, -6.820205974999965 ], [ -78.017879486999959, -6.820372474999942 ], [ -78.018260236999936, -6.820420099999978 ], [ -78.018640861999984, -6.820324974999949 ], [ -78.019307111999979, -6.819872849999967 ], [ -78.020139986999936, -6.819325599999956 ], [ -78.020510861999981, -6.819005224999955 ], [ -78.020663486999979, -6.818873474999975 ], [ -78.02104411199997, -6.81825485 ], [ -78.021186861999979, -6.81765997499997 ], [ -78.021020361999945, -6.816993724999975 ], [ -78.020710986999973, -6.815946724999947 ], [ -78.020615861999943, -6.815042474999927 ], [ -78.02044923699998, -6.814257349999934 ], [ -78.020068611999989, -6.8135911 ], [ -78.019664111999987, -6.81285347499994 ], [ -78.019221361999939, -6.812315849999948 ], [ -78.018997861999935, -6.812044349999951 ], [ -78.018236361999982, -6.811425724999935 ], [ -78.017570111999987, -6.810830849999945 ], [ -78.017094236999981, -6.8101646 ], [ -78.016689736999979, -6.809450724999977 ], [ -78.01638036199995, -6.809046224999975 ], [ -78.016356611999981, -6.808617974999947 ], [ -78.016427986999986, -6.80811822499993 ], [ -78.016951486999972, -6.807190349999928 ], [ -78.017522486999951, -6.806119599999931 ], [ -78.018188736999946, -6.805310474999942 ], [ -78.01902161199996, -6.804525349999949 ], [ -78.019782986999985, -6.803906599999948 ], [ -78.020544486999938, -6.803168974999949 ], [ -78.02121073699999, -6.802217224999936 ], [ -78.022305236999955, -6.800694349999958 ], [ -78.02276236199998, -6.800135724999961 ], [ -78.022947736999981, -6.799909099999979 ], [ -78.023756736999985, -6.799266724999939 ], [ -78.024089861999983, -6.798790849999932 ], [ -78.024184986999956, -6.798195974999942 ], [ -78.024161236999987, -6.797363099999927 ], [ -78.024126244999934, -6.797094812999944 ], [ -78.024089861999983, -6.796815849999973 ], [ -78.023860111999966, -6.796509474999937 ], [ -78.023661611999955, -6.796149599999978 ], [ -78.022995361999961, -6.795459599999958 ], [ -78.022590861999959, -6.794983724999952 ], [ -78.022210111999982, -6.794745724999927 ], [ -78.021636611999952, -6.794494849999978 ], [ -78.021448611999972, -6.7944126 ], [ -78.021020361999945, -6.794174599999963 ], [ -78.020710986999973, -6.793793974999971 ], [ -78.020473111999934, -6.79317522499997 ], [ -78.020377861999975, -6.792413849999946 ], [ -78.020425486999955, -6.791937974999939 ], [ -78.020782361999977, -6.791271724999945 ], [ -78.021448611999972, -6.790153349999969 ], [ -78.021948361999989, -6.789058849999947 ], [ -78.02237661199996, -6.787940474999971 ], [ -78.022685986999988, -6.786941099999979 ], [ -78.022900111999945, -6.785798974999977 ], [ -78.023185611999963, -6.784442599999977 ], [ -78.023185611999963, -6.783133974999942 ], [ -78.023066736999965, -6.782324974999938 ], [ -78.02237661199996, -6.781039974999942 ], [ -78.021567611999956, -6.780064474999961 ], [ -78.02094898699994, -6.77930297499995 ], [ -78.020758611999952, -6.778684349999935 ], [ -78.020758611999952, -6.778256099999965 ], [ -78.021067986999981, -6.777875349999931 ], [ -78.021829361999949, -6.777375599999971 ], [ -78.022740736999936, -6.777053974999944 ], [ -78.023476736999953, -6.776969849999944 ], [ -78.024216361999947, -6.776918849999959 ], [ -78.024930361999964, -6.776816849999932 ], [ -78.025593486999981, -6.776357724999968 ], [ -78.025629986999945, -6.776296849999937 ], [ -78.025927236999962, -6.775801599999966 ], [ -78.025975986999981, -6.77572022499993 ], [ -78.025993111999981, -6.775456099999928 ], [ -78.026017236999962, -6.775081474999979 ], [ -78.026026986999966, -6.7749296 ], [ -78.026017236999962, -6.774882599999955 ], [ -78.025974486999985, -6.774677474999976 ], [ -78.025803111999949, -6.774353724999969 ], [ -78.025327236999942, -6.773806474999958 ], [ -78.024922611999955, -6.773425724999981 ], [ -78.02442298699998, -6.773044974999948 ], [ -78.02382811199999, -6.77287847499997 ], [ -78.02313811199997, -6.77287847499997 ], [ -78.022590861999959, -6.772830849999934 ], [ -78.022138736999977, -6.772664349999957 ], [ -78.021662861999971, -6.772117099999946 ], [ -78.021401111999978, -6.771141474999979 ], [ -78.021424861999947, -6.770094474999951 ], [ -78.021615236999935, -6.769333099999926 ], [ -78.021995986999968, -6.768785849999972 ], [ -78.022060611999962, -6.768656724999971 ], [ -78.022073986999942, -6.768579349999925 ], [ -78.022227111999939, -6.768043724999927 ], [ -78.022533111999962, -6.767635724999934 ], [ -78.022813611999936, -6.767533599999979 ], [ -78.023062986999946, -6.767555349999952 ], [ -78.023247236999964, -6.767533599999979 ], [ -78.023731736999935, -6.767686724999976 ], [ -78.023788361999948, -6.767728599999941 ], [ -78.024420361999944, -6.768196724999939 ], [ -78.024821236999969, -6.768509974999972 ], [ -78.025541361999956, -6.769142724999938 ], [ -78.026326611999934, -6.769570974999965 ], [ -78.026968986999975, -6.769785224999964 ], [ -78.027563861999965, -6.769713724999974 ], [ -78.028039736999972, -6.769380599999977 ], [ -78.028061111999989, -6.769357724999963 ], [ -78.028682236999941, -6.768690599999957 ], [ -78.029491236999945, -6.767572224999981 ], [ -78.03025261199997, -6.766096974999925 ], [ -78.030728611999962, -6.765050099999939 ], [ -78.031109236999953, -6.763884099999927 ], [ -78.031085486999984, -6.7630751 ], [ -78.03101411199998, -6.762337474999981 ], [ -78.030728611999962, -6.761861599999975 ], [ -78.030205111999976, -6.761504599999967 ], [ -78.029396111999972, -6.76102872499996 ], [ -78.028801236999982, -6.760552849999954 ], [ -78.028563236999958, -6.760005599999943 ], [ -78.028634611999962, -6.759315599999979 ], [ -78.028967736999959, -6.758649349999928 ], [ -78.02965773699998, -6.757507099999941 ], [ -78.030514361999963, -6.755865349999965 ], [ -78.031394861999956, -6.754794599999968 ], [ -78.032298986999933, -6.753723849999972 ], [ -78.034202611999945, -6.751677474999951 ], [ -78.035154361999957, -6.750797099999943 ], [ -78.035820611999952, -6.749916724999935 ], [ -78.036415486999942, -6.748822099999927 ], [ -78.037176861999967, -6.747418224999933 ], [ -78.037747986999989, -6.746085724999944 ], [ -78.037938361999977, -6.744991224999978 ], [ -78.037938361999977, -6.744396349999931 ], [ -78.037917611999944, -6.744342974999938 ], [ -78.037771736999957, -6.743967974999975 ], [ -78.037367236999955, -6.743706224999926 ], [ -78.036700986999961, -6.74351597499998 ], [ -78.036348486999941, -6.743380474999981 ], [ -78.03608623699995, -6.743243724999957 ], [ -78.035532986999954, -6.742845474999967 ], [ -78.035333986999944, -6.742707974999973 ], [ -78.034797861999948, -6.742161599999974 ], [ -78.034717236999938, -6.742080974999965 ], [ -78.034509611999965, -6.741940099999965 ], [ -78.033914736999975, -6.741440474999933 ], [ -78.033653111999968, -6.740988349999952 ], [ -78.033557861999952, -6.740298349999932 ], [ -78.033676861999936, -6.739417849999938 ], [ -78.034271736999983, -6.738489974999936 ], [ -78.034961736999946, -6.737514349999969 ], [ -78.035580361999962, -6.736800474999939 ], [ -78.03636561199994, -6.736110474999975 ], [ -78.036984236999956, -6.73542035 ], [ -78.037317361999953, -6.734801724999954 ], [ -78.037359598999956, -6.734670384999959 ], [ -78.037531611999952, -6.73413547499996 ], [ -78.037626736999982, -6.733374099999935 ], [ -78.037698111999987, -6.732945724999979 ], [ -78.03786473699995, -6.732541224999977 ], [ -78.038411986999961, -6.731637099999944 ], [ -78.038864111999942, -6.730375974999959 ], [ -78.038959236999972, -6.729091099999948 ], [ -78.038840236999988, -6.728115474999981 ], [ -78.038388236999936, -6.72744922499993 ], [ -78.03786473699995, -6.726782974999935 ], [ -78.037674361999962, -6.726426099999969 ], [ -78.037412611999969, -6.725997724999957 ], [ -78.037317361999953, -6.725402849999966 ], [ -78.037460236999948, -6.724665224999967 ], [ -78.037602986999957, -6.724117974999956 ], [ -78.038150236999968, -6.723142349999932 ], [ -78.038673736999954, -6.721952724999937 ], [ -78.039054486999987, -6.7208581 ], [ -78.039411361999953, -6.720049099999926 ], [ -78.03974448699995, -6.719240099999979 ], [ -78.03974448699995, -6.718383474999939 ], [ -78.039577861999987, -6.717550599999981 ], [ -78.039197236999939, -6.716765474999931 ], [ -78.038864111999942, -6.715932599999974 ], [ -78.038768861999984, -6.715361599999937 ], [ -78.038816486999963, -6.714933224999925 ], [ -78.039173361999985, -6.714576349999959 ], [ -78.04057723699998, -6.714124224999978 ], [ -78.041624236999951, -6.713862474999928 ], [ -78.042718736999973, -6.713362849999953 ], [ -78.043432611999947, -6.712910724999972 ], [ -78.043884736999985, -6.7123396 ], [ -78.044122736999952, -6.711340224999958 ], [ -78.044241611999951, -6.710245724999936 ], [ -78.044194111999957, -6.709151224999971 ], [ -78.043979861999958, -6.708199349999973 ], [ -78.043979861999958, -6.707533099999978 ], [ -78.044360611999934, -6.706747849999942 ], [ -78.044884111999977, -6.705510599999968 ], [ -78.045098236999934, -6.704439849999972 ], [ -78.045169611999938, -6.703511849999927 ], [ -78.045502736999936, -6.702060349999954 ], [ -78.04557411199994, -6.701203724999971 ], [ -78.045478986999967, -6.700370974999942 ], [ -78.045169611999938, -6.699347724999939 ], [ -78.044955486999982, -6.698681474999944 ], [ -78.044574736999948, -6.6967066 ], [ -78.044336861999966, -6.694898224999974 ], [ -78.044360611999934, -6.693589474999953 ], [ -78.044669986999963, -6.692161849999934 ], [ -78.045193486999949, -6.690805474999934 ], [ -78.045716861999949, -6.689734724999937 ], [ -78.046383111999944, -6.688711599999976 ], [ -78.047239736999984, -6.687807349999957 ], [ -78.048120111999935, -6.686974599999928 ], [ -78.048667486999989, -6.686213099999975 ], [ -78.049333736999984, -6.684975849999944 ], [ -78.049833361999958, -6.683857474999968 ], [ -78.050380611999969, -6.683167474999948 ], [ -78.050880361999987, -6.682715349999967 ], [ -78.052307986999949, -6.681620849999945 ], [ -78.052691361999962, -6.681301349999956 ], [ -78.053235986999937, -6.680906974999971 ], [ -78.053973611999936, -6.680312099999981 ], [ -78.054449486999943, -6.679812349999963 ], [ -78.05478261199994, -6.679336474999957 ], [ -78.054972986999985, -6.678765474999977 ], [ -78.054991236999967, -6.678672224999957 ], [ -78.055020611999964, -6.678598849999958 ], [ -78.055520236999939, -6.677290224999979 ], [ -78.056091361999961, -6.676314599999955 ], [ -78.056757611999956, -6.675743474999933 ], [ -78.057661861999975, -6.675481849999926 ], [ -78.05892298699996, -6.675457974999972 ], [ -78.060112611999955, -6.675719724999965 ], [ -78.061516486999949, -6.676195599999971 ], [ -78.062492111999973, -6.676362224999934 ], [ -78.063467736999939, -6.676409724999928 ], [ -78.064322111999957, -6.676281599999925 ], [ -78.064966736999963, -6.676195599999971 ], [ -78.065894736999951, -6.675910099999953 ], [ -78.066370611999957, -6.67564835 ], [ -78.066822736999939, -6.675386599999968 ], [ -78.06736998699995, -6.67505347499997 ], [ -78.067941111999971, -6.674529974999928 ], [ -78.068202861999964, -6.6741968499999 ], [ -78.06865486199996, -6.673816224999939 ], [ -78.068677486999945, -6.673806849999949 ], [ -78.069321111999955, -6.673720974999981 ], [ -78.070534736999946, -6.673625849999951 ], [ -78.071415111999954, -6.673530599999935 ], [ -78.072676236999939, -6.673316474999979 ], [ -78.072838861999969, -6.673313349999944 ], [ -78.073128361999977, -6.673197474999938 ], [ -78.073627986999952, -6.672816849999947 ], [ -78.074270486999978, -6.672055349999937 ], [ -78.075031861999946, -6.671293974999969 ], [ -78.076292986999988, -6.670008974999973 ], [ -78.07717336199994, -6.669414224999969 ], [ -78.077863486999945, -6.668938224999977 ], [ -78.078458361999935, -6.668224474999931 ], [ -78.078648611999938, -6.667581974999962 ], [ -78.078696236999974, -6.666868099999931 ], [ -78.07852973699994, -6.665963974999954 ], [ -78.078339361999952, -6.665226349999955 ], [ -78.078101361999984, -6.664369724999972 ], [ -78.077625486999978, -6.663584474999936 ], [ -78.076982986999951, -6.662965849999978 ], [ -78.076197861999958, -6.662275724999972 ], [ -78.075531611999963, -6.661585724999952 ], [ -78.07524598699996, -6.660895724999932 ], [ -78.075174611999955, -6.660324599999967 ], [ -78.075269861999971, -6.659729724999977 ], [ -78.075531611999963, -6.659372849999954 ], [ -78.075936111999965, -6.659015974999932 ], [ -78.076205611999967, -6.658902849999947 ], [ -78.076673736999965, -6.6587066 ], [ -78.077054361999956, -6.65853997499994 ], [ -78.07727386199997, -6.658366224999952 ], [ -78.077625486999978, -6.658087974999944 ], [ -78.078053736999948, -6.657564474999958 ], [ -78.078815236999958, -6.656731599999944 ], [ -78.079624236999962, -6.655970224999976 ], [ -78.080219111999952, -6.655303974999981 ], [ -78.080718736999984, -6.654994599999952 ], [ -78.081480236999937, -6.654851849999943 ], [ -78.082384361999971, -6.654851849999943 ], [ -78.083345986999973, -6.655133349999971 ], [ -78.083359986999938, -6.655137349999961 ], [ -78.084621111999979, -6.655827474999967 ], [ -78.08581086199996, -6.656303349999973 ], [ -78.086762611999973, -6.65651747499993 ], [ -78.08752398699994, -6.656660224999939 ], [ -78.088214111999946, -6.656707849999975 ], [ -78.08873923699997, -6.656670349999956 ], [ -78.08961798699994, -6.65651747499993 ], [ -78.090426986999944, -6.656469849999951 ], [ -78.091164611999943, -6.656660224999939 ], [ -78.09165573699994, -6.656803099999934 ], [ -78.092473361999964, -6.657040974999973 ], [ -78.093663111999945, -6.657302724999965 ], [ -78.09411511199994, -6.6573741 ], [ -78.094590986999947, -6.657302724999965 ], [ -78.094714861999989, -6.657169349999947 ], [ -78.094900361999976, -6.656969599999968 ], [ -78.095043111999985, -6.656374724999978 ], [ -78.095043111999985, -6.655756099999962 ], [ -78.095304861999978, -6.655256349999945 ], [ -78.095542861999945, -6.654780474999939 ], [ -78.095899736999968, -6.653828724999926 ], [ -78.096446986999979, -6.652519974999962 ], [ -78.09706573699998, -6.651020974999938 ], [ -78.097351236999941, -6.650330849999932 ], [ -78.097779486999968, -6.649854974999926 ], [ -78.098421986999938, -6.649283974999946 ], [ -78.099051236999969, -6.648822474999974 ], [ -78.099135861999969, -6.64876047499996 ], [ -78.09976986199996, -6.648332849999974 ], [ -78.100158986999986, -6.648070349999955 ], [ -78.101182111999947, -6.647427974999971 ], [ -78.101991111999951, -6.646856849999949 ], [ -78.10280023699994, -6.646428599999979 ], [ -78.10349023699996, -6.646261974999959 ], [ -78.104204111999934, -6.646071599999971 ], [ -78.105091486999981, -6.645712474999925 ], [ -78.105274861999987, -6.645595724999964 ], [ -78.105931361999978, -6.645004849999964 ], [ -78.105988611999976, -6.64495335 ], [ -78.106654861999971, -6.644120474999966 ], [ -78.107154611999988, -6.643430474999946 ], [ -78.107394861999978, -6.642672599999969 ], [ -78.10746398699996, -6.642454849999979 ], [ -78.107440111999949, -6.641288974999952 ], [ -78.10739248699997, -6.639861224999947 ], [ -78.107154611999988, -6.638766724999925 ], [ -78.106765736999989, -6.638010599999973 ], [ -78.10671698699997, -6.637868474999948 ], [ -78.106337111999949, -6.637376099999926 ], [ -78.105985486999941, -6.636911849999933 ], [ -78.105675986999984, -6.636644599999954 ], [ -78.105225736999955, -6.636475724999968 ], [ -78.104888111999969, -6.636475724999968 ], [ -78.104499361999956, -6.636510099999953 ], [ -78.104409861999955, -6.636517974999947 ], [ -78.104058111999962, -6.636475724999968 ], [ -78.10386123699999, -6.636292849999961 ], [ -78.103706486999954, -6.636025599999925 ], [ -78.103662486999951, -6.635879099999954 ], [ -78.103656736999937, -6.635859849999974 ], [ -78.103656736999937, -6.635292724999942 ], [ -78.103656736999937, -6.63438847499998 ], [ -78.103704361999974, -6.633246349999979 ], [ -78.103918486999987, -6.631961474999969 ], [ -78.104227861999959, -6.630438599999934 ], [ -78.10467998699994, -6.628987099999961 ], [ -78.104894111999954, -6.628249474999961 ], [ -78.104989236999984, -6.627678474999925 ], [ -78.105084236999971, -6.627179724999962 ], [ -78.105084486999942, -6.627178724999965 ], [ -78.105013111999938, -6.626679099999933 ], [ -78.104736486999968, -6.626210974999935 ], [ -78.104703736999966, -6.626155599999947 ], [ -78.104322986999989, -6.625560724999957 ], [ -78.104108861999975, -6.62506097499994 ], [ -78.104108861999975, -6.624394724999945 ], [ -78.104108861999975, -6.62384190399996 ], [ -78.104108861999975, -6.623609599999952 ], [ -78.104275486999938, -6.623109849999935 ], [ -78.104703736999966, -6.622205599999972 ], [ -78.105322361999981, -6.620706599999949 ], [ -78.105988611999976, -6.619374099999959 ], [ -78.106964236999943, -6.618208224999933 ], [ -78.107939861999967, -6.61718497499993 ], [ -78.10948648699997, -6.615685974999963 ], [ -78.110533486999941, -6.6145676 ], [ -78.111818361999951, -6.613449224999954 ], [ -78.112817736999943, -6.612378474999957 ], [ -78.11338873699998, -6.611402849999934 ], [ -78.113698111999952, -6.610808099999929 ], [ -78.113840861999961, -6.609784849999926 ], [ -78.113840861999961, -6.608904474999974 ], [ -78.113917752999953, -6.60844309 ], [ -78.114054986999975, -6.607619599999964 ], [ -78.114388111999972, -6.606168099999934 ], [ -78.114887861999989, -6.604740474999971 ], [ -78.11533998699997, -6.603955224999936 ], [ -78.115385361999984, -6.603908599999954 ], [ -78.116052236999963, -6.602723099999935 ], [ -78.116747736999969, -6.601713224999969 ], [ -78.116861236999966, -6.601649474999931 ], [ -78.117479861999982, -6.6011973499999 ], [ -78.118146111999977, -6.60067397499995 ], [ -78.119430986999987, -6.599769724999931 ], [ -78.120216236999966, -6.598960724999927 ], [ -78.120501736999984, -6.598460974999966 ], [ -78.120739736999951, -6.597318849999965 ], [ -78.120834861999981, -6.596271849999937 ], [ -78.12085861199995, -6.595343974999935 ], [ -78.120811111999956, -6.593844849999925 ], [ -78.12085861199995, -6.592393349999952 ], [ -78.120953861999965, -6.591346474999966 ], [ -78.121096611999974, -6.590347099999974 ], [ -78.121263236999937, -6.589252474999967 ], [ -78.121405986999946, -6.588253099999974 ], [ -78.121239361999983, -6.587348974999941 ], [ -78.121007361999943, -6.586761224999975 ], [ -78.12077911199998, -6.586403849999954 ], [ -78.120668361999947, -6.586254349999933 ], [ -78.119811736999964, -6.585326349999946 ], [ -78.119192986999963, -6.584588724999946 ], [ -78.118645736999952, -6.583732099999963 ], [ -78.117860611999959, -6.582589974999962 ], [ -78.117337111999973, -6.581543099999976 ], [ -78.116980111999965, -6.580400849999933 ], [ -78.116718361999972, -6.579496724999956 ], [ -78.116623236999942, -6.578640099999973 ], [ -78.116670861999978, -6.577997599999946 ], [ -78.116884986999935, -6.577474224999946 ], [ -78.117376611999987, -6.576967224999976 ], [ -78.117646361999959, -6.576688974999968 ], [ -78.119240611999942, -6.575451599999951 ], [ -78.121072861999949, -6.574452224999959 ], [ -78.122667111999988, -6.573524224999971 ], [ -78.123951986999941, -6.572762849999947 ], [ -78.125665236999964, -6.571573099999966 ], [ -78.126536486999953, -6.570806349999941 ], [ -78.127521111999954, -6.570169224999972 ], [ -78.128877486999954, -6.569407849999948 ], [ -78.129948236999951, -6.568860474999951 ], [ -78.131114111999977, -6.568194224999957 ], [ -78.132089736999944, -6.567623224999977 ], [ -78.133493611999938, -6.566885599999978 ], [ -78.133680986999934, -6.566730099999972 ], [ -78.134611986999971, -6.565957599999933 ], [ -78.135777861999941, -6.564886849999937 ], [ -78.137015236999957, -6.563744724999935 ], [ -78.137112986999966, -6.563654474999964 ], [ -78.137633861999973, -6.563173599999971 ], [ -78.137847986999986, -6.562650099999928 ], [ -78.137847986999986, -6.562031474999969 ], [ -78.137729111999988, -6.561579349999931 ], [ -78.137426361999985, -6.561125224999955 ], [ -78.137253111999939, -6.560865474999957 ], [ -78.137015236999957, -6.560365849999926 ], [ -78.136848611999937, -6.559770974999935 ], [ -78.136824861999969, -6.559295099999929 ], [ -78.136819486999968, -6.559138099999927 ], [ -78.13673223699999, -6.558712974999935 ], [ -78.136686986999962, -6.558464349999952 ], [ -78.136581986999943, -6.558079349999957 ], [ -78.136253736999947, -6.557558099999937 ], [ -78.135658861999957, -6.556844224999963 ], [ -78.134992611999962, -6.556106599999964 ], [ -78.134183611999958, -6.555107224999972 ], [ -78.13402298699998, -6.554866224999955 ], [ -78.133732736999946, -6.554536599999949 ], [ -78.133061611999949, -6.553691974999936 ], [ -78.13263361199995, -6.55306722499995 ], [ -78.132395111999983, -6.552527974999975 ], [ -78.132256236999979, -6.551990099999955 ], [ -78.132242361999943, -6.551754349999953 ], [ -78.132232486999953, -6.551585599999953 ], [ -78.132308611999974, -6.551378849999935 ], [ -78.132363986999962, -6.551228849999973 ], [ -78.132399111999973, -6.551133474999972 ], [ -78.132427611999958, -6.551110724999944 ], [ -78.13287498699998, -6.550752849999981 ], [ -78.133660111999973, -6.550324474999968 ], [ -78.134683361999976, -6.549896224999941 ], [ -78.135754111999972, -6.549658224999973 ], [ -78.136729736999939, -6.549563099999943 ], [ -78.137324486999944, -6.5494441 ], [ -78.137538736999943, -6.549229974999946 ], [ -78.137633861999973, -6.5487541 ], [ -78.137633861999973, -6.548182974999975 ], [ -78.137585111999954, -6.548085599999979 ], [ -78.137443486999985, -6.547802349999927 ], [ -78.136991361999947, -6.547112224999978 ], [ -78.136634486999981, -6.546326974999943 ], [ -78.136396611999942, -6.54537522499993 ], [ -78.136277611999958, -6.5447803499999 ], [ -78.136253736999947, -6.543899974999931 ], [ -78.136262611999939, -6.5436881 ], [ -78.136273611999968, -6.543422849999956 ], [ -78.136277611999958, -6.543328849999966 ], [ -78.13651548699994, -6.542567474999942 ], [ -78.136919986999942, -6.541496724999945 ], [ -78.13737211199998, -6.540521099999978 ], [ -78.137436236999974, -6.5404163499999 ], [ -78.137729986999943, -6.539775349999957 ], [ -78.138124236999943, -6.538934224999934 ], [ -78.138181111999984, -6.538736599999936 ], [ -78.138367236999954, -6.538159474999929 ], [ -78.138419111999951, -6.537998849999951 ], [ -78.138486861999979, -6.537578349999933 ], [ -78.138520486999937, -6.537370349999946 ], [ -78.138538111999935, -6.537261224999952 ], [ -78.138538111999935, -6.53702335 ], [ -78.138490486999956, -6.536785349999946 ], [ -78.138300111999968, -6.536594974999957 ], [ -78.138014611999949, -6.536499849999927 ], [ -78.137538736999943, -6.536476099999959 ], [ -78.137330986999984, -6.536490599999979 ], [ -78.13651548699994, -6.536547474999963 ], [ -78.136476861999938, -6.536542849999933 ], [ -78.135759986999972, -6.536458599999946 ], [ -78.135706486999936, -6.536452224999948 ], [ -78.135206861999961, -6.53626185 ], [ -78.13475473699998, -6.535904974999937 ], [ -78.13458811199996, -6.535524224999961 ], [ -78.13458811199996, -6.53500085 ], [ -78.134603111999979, -6.534776974999943 ], [ -78.134619611999938, -6.534528474999945 ], [ -78.13463573699994, -6.534286974999929 ], [ -78.134723861999987, -6.534076849999963 ], [ -78.134796236999989, -6.533763099999931 ], [ -78.135701736999977, -6.532060974999979 ], [ -78.135955236999962, -6.5308656 ], [ -78.135955236999962, -6.529779099999928 ], [ -78.135701736999977, -6.52822172499998 ], [ -78.135734361999937, -6.527180099999953 ], [ -78.135777861999941, -6.527005849999966 ], [ -78.136182361999943, -6.526506099999949 ], [ -78.136991361999947, -6.525744724999981 ], [ -78.138395236999941, -6.524554974999944 ], [ -78.139941986999986, -6.523293849999959 ], [ -78.141107861999956, -6.522484849999955 ], [ -78.142702111999938, -6.521295099999975 ], [ -78.14386811199995, -6.520248099999947 ], [ -78.144285611999976, -6.519673974999932 ], [ -78.144439111999986, -6.519462849999968 ], [ -78.144498861999978, -6.519338599999969 ], [ -78.144724611999948, -6.518868099999963 ], [ -78.144751611999936, -6.518634474999942 ], [ -78.144796111999938, -6.518249349999962 ], [ -78.144962611999972, -6.517059599999925 ], [ -78.145027611999978, -6.516278974999977 ], [ -78.145018486999959, -6.516225099999929 ], [ -78.145057736999945, -6.516012724999939 ], [ -78.145224361999965, -6.515298849999965 ], [ -78.145390861999942, -6.514584974999934 ], [ -78.145486111999958, -6.513847349999935 ], [ -78.145628861999967, -6.513157349999972 ], [ -78.145914361999985, -6.512633849999929 ], [ -78.146414111999945, -6.512134224999954 ], [ -78.146818611999947, -6.51199135 ], [ -78.147318236999979, -6.51199135 ], [ -78.148270111999977, -6.51215797499998 ], [ -78.14910286199995, -6.512372099999936 ], [ -78.149822008999934, -6.512433728999952 ], [ -78.149935736999964, -6.512443474999941 ], [ -78.150482986999975, -6.512419724999972 ], [ -78.150911236999946, -6.512181724999948 ], [ -78.151315736999948, -6.511729599999967 ], [ -78.151862986999959, -6.510896849999938 ], [ -78.152053361999947, -6.510349599999927 ], [ -78.152124736999951, -6.509897474999946 ], [ -78.152077236999958, -6.509302599999955 ], [ -78.15174411199996, -6.508564974999956 ], [ -78.151452611999957, -6.507898724999961 ], [ -78.151348111999937, -6.507250974999977 ], [ -78.151717236999957, -6.505638849999968 ], [ -78.151841486999956, -6.505042224999954 ], [ -78.151989111999967, -6.504072099999973 ], [ -78.151963861999945, -6.503629349999926 ], [ -78.151963805999969, -6.503628392999929 ], [ -78.151891361999958, -6.502397849999966 ], [ -78.151927611999952, -6.501166349999949 ], [ -78.152181111999937, -6.499826349999978 ], [ -78.152814986999942, -6.499172099999953 ], [ -78.153303861999973, -6.498667349999948 ], [ -78.154861361999963, -6.49823272499998 ], [ -78.156237611999984, -6.498124099999927 ], [ -78.156912736999971, -6.497534849999965 ], [ -78.157541486999946, -6.496095849999961 ], [ -78.15821873699997, -6.495033224999929 ], [ -78.159642111999972, -6.494248724999977 ], [ -78.160801111999945, -6.493596724999975 ], [ -78.163009736999982, -6.491779349999945 ], [ -78.164365361999955, -6.490800849999971 ], [ -78.165111111999977, -6.490699349999943 ], [ -78.165690611999935, -6.491061474999981 ], [ -78.166596111999979, -6.492147974999966 ], [ -78.167429111999979, -6.493125974999941 ], [ -78.169312486999956, -6.493741599999964 ], [ -78.171087236999938, -6.493995349999977 ], [ -78.173043111999959, -6.494176224999933 ], [ -78.173839861999966, -6.493705474999956 ], [ -78.174292986999944, -6.491785099999959 ], [ -78.174303486999975, -6.49137372499996 ], [ -78.17433198699996, -6.49025972499993 ], [ -78.174455361999946, -6.488345099999947 ], [ -78.174491736999983, -6.487403349999965 ], [ -78.174962611999945, -6.4862806 ], [ -78.175976736999985, -6.484614599999929 ], [ -78.176701111999989, -6.483527974999959 ], [ -78.177026986999977, -6.48240522499998 ], [ -78.177026986999977, -6.481210099999942 ], [ -78.176990736999983, -6.480159724999965 ], [ -78.177352986999949, -6.479145599999981 ], [ -78.17720811199996, -6.478095224999947 ], [ -78.176845986999979, -6.477153599999951 ], [ -78.176519986999949, -6.475849724999932 ], [ -78.176592361999951, -6.474980474999938 ], [ -78.176725236999971, -6.47463985 ], [ -78.17709373699995, -6.474420099999975 ], [ -78.177678986999979, -6.474183599999947 ], [ -78.178874236999945, -6.47371285 ], [ -78.180503986999952, -6.472915974999978 ], [ -78.181880361999958, -6.472408974999951 ], [ -78.182966861999944, -6.472336474999963 ], [ -78.184379361999959, -6.472083099999963 ], [ -78.185755736999965, -6.471105099999932 ], [ -78.187134736999951, -6.469351599999925 ], [ -78.187949236999941, -6.467800724999961 ], [ -78.188179736999984, -6.466941349999956 ], [ -78.188471986999957, -6.465165224999964 ], [ -78.188471986999957, -6.463426724999977 ], [ -78.188290986999959, -6.462159099999951 ], [ -78.188914111999964, -6.460210974999939 ], [ -78.189138611999965, -6.459578099999931 ], [ -78.189594861999979, -6.457849099999976 ], [ -78.190029486999947, -6.457016099999976 ], [ -78.190934986999935, -6.4567263499999 ], [ -78.192456111999945, -6.456871224999929 ], [ -78.193397861999983, -6.457523099999946 ], [ -78.194955361999973, -6.458428474999948 ], [ -78.196440111999948, -6.459261599999934 ], [ -78.197635361999971, -6.45955135 ], [ -78.198432236999963, -6.459297849999928 ], [ -78.199165986999958, -6.458251974999939 ], [ -78.199590986999965, -6.457342099999948 ], [ -78.200615236999965, -6.455439474999935 ], [ -78.20198161199994, -6.454879224999956 ], [ -78.20314061199997, -6.455241349999937 ], [ -78.203466611999943, -6.455784599999959 ], [ -78.203466611999943, -6.457450724999944 ], [ -78.203864986999974, -6.458138849999955 ], [ -78.204322486999956, -6.458524224999962 ], [ -78.204553111999985, -6.45871835 ], [ -78.206110486999989, -6.4592253499999 ], [ -78.207740361999981, -6.459189224999932 ], [ -78.209080361999952, -6.458754599999963 ], [ -78.20998586199994, -6.458030224999959 ], [ -78.210322486999985, -6.457345224999926 ], [ -78.210851236999986, -6.456268724999973 ], [ -78.21099998699998, -6.455965724999942 ], [ -78.211011736999978, -6.455731599999979 ], [ -78.211113986999976, -6.453683474999934 ], [ -78.210632736999969, -6.452763974999925 ], [ -78.210110611999937, -6.45191885 ], [ -78.20991173699997, -6.450974224999925 ], [ -78.209877236999944, -6.450460474999943 ], [ -78.210239361999982, -6.449518849999947 ], [ -78.21067398699995, -6.448323599999981 ], [ -78.211507111999936, -6.447418224999979 ], [ -78.211829236999961, -6.447381224999958 ], [ -78.213716361999957, -6.447164599999951 ], [ -78.215817111999968, -6.447526849999974 ], [ -78.217410736999966, -6.447490599999981 ], [ -78.218062783999983, -6.446947224999974 ], [ -78.218216861999963, -6.445923849999929 ], [ -78.218388611999956, -6.444593099999963 ], [ -78.218460986999958, -6.44241997499995 ], [ -78.218641986999955, -6.440246849999937 ], [ -78.218750736999937, -6.438544599999943 ], [ -78.219402736999939, -6.436914849999937 ], [ -78.220235736999939, -6.43503147499996 ], [ -78.22077898699996, -6.433691349999947 ], [ -78.220907813999986, -6.432274095999958 ], [ -78.22092386199995, -6.432097724999949 ], [ -78.221322236999981, -6.430612724999946 ], [ -78.221878861999983, -6.429712724999945 ], [ -78.223241861999952, -6.428946724999946 ], [ -78.224400986999967, -6.428077474999952 ], [ -78.226103111999976, -6.427063349999969 ], [ -78.227591736999955, -6.425312474999942 ], [ -78.227890611999953, -6.424738224999942 ], [ -78.228492236999955, -6.423906224999939 ], [ -78.22863648699996, -6.423763224999959 ], [ -78.228783236999959, -6.423658849999981 ], [ -78.231177736999939, -6.422165974999928 ], [ -78.231872986999974, -6.421363224999936 ], [ -78.232513736999977, -6.420847599999945 ], [ -78.233726611999941, -6.419359349999979 ], [ -78.23459573699995, -6.41804097499994 ], [ -78.23483198699995, -6.417349599999966 ], [ -78.235763611999971, -6.415456974999927 ], [ -78.235939486999939, -6.414648474999979 ], [ -78.23617573699994, -6.414191349999953 ], [ -78.236695361999978, -6.41344722499997 ], [ -78.236779986999977, -6.413386599999967 ], [ -78.236859611999989, -6.413269599999978 ], [ -78.238036361999946, -6.412310724999941 ], [ -78.239605486999949, -6.411395349999964 ], [ -78.240564486999972, -6.410785099999941 ], [ -78.24104386199997, -6.410349224999948 ], [ -78.241479736999963, -6.409564724999939 ], [ -78.241741236999985, -6.408344224999951 ], [ -78.24181073699998, -6.407811724999931 ], [ -78.241871986999968, -6.407341849999966 ], [ -78.241741236999985, -6.406077724999932 ], [ -78.241741236999985, -6.405423974999962 ], [ -78.241959236999946, -6.404247099999964 ], [ -78.242071736999947, -6.403976974999978 ], [ -78.242546361999985, -6.403195349999976 ], [ -78.243451736999987, -6.401710474999959 ], [ -78.245101611999985, -6.400599599999964 ], [ -78.246421736999935, -6.400225474999957 ], [ -78.24852236199996, -6.399863224999933 ], [ -78.250007361999963, -6.399682224999935 ], [ -78.250632861999975, -6.399130849999949 ], [ -78.251021486999946, -6.397762599999965 ], [ -78.251492283999937, -6.396422556999937 ], [ -78.25241011199995, -6.395542974999955 ], [ -78.253448111999944, -6.395154849999926 ], [ -78.255150986999979, -6.394783349999955 ], [ -78.25623686199998, -6.394792724999945 ], [ -78.257721861999983, -6.394756474999951 ], [ -78.259677736999947, -6.394647849999956 ], [ -78.261379861999956, -6.394466724999972 ], [ -78.263045986999941, -6.393706099999974 ], [ -78.263859736999962, -6.393144474999929 ], [ -78.264419861999954, -6.392757849999953 ], [ -78.265979736999952, -6.391714099999945 ], [ -78.268287111999939, -6.391109349999965 ], [ -78.269456736999985, -6.391207099999974 ], [ -78.270325861999936, -6.391279599999962 ], [ -78.27123136199998, -6.391641849999928 ], [ -78.271883361999983, -6.392728224999928 ], [ -78.272064361999981, -6.394575349999968 ], [ -78.271883361999983, -6.395987849999926 ], [ -78.271883361999983, -6.397581474999981 ], [ -78.272245486999964, -6.398559349999971 ], [ -78.272969861999968, -6.399102724999977 ], [ -78.274527123999974, -6.399610017999976 ], [ -78.27529186199996, -6.399690224999972 ], [ -78.275826111999947, -6.399583349999943 ], [ -78.277090236999982, -6.39910385 ], [ -78.277703861999953, -6.398756099999957 ], [ -78.278397736999977, -6.398362849999955 ], [ -78.279487486999983, -6.39701172499997 ], [ -78.279966861999981, -6.396139974999926 ], [ -78.27999998699994, -6.395930849999957 ], [ -78.280068861999951, -6.395494349999979 ], [ -78.280097736999949, -6.395311849999928 ], [ -78.280097736999949, -6.393917099999953 ], [ -78.279977361999954, -6.393154849999974 ], [ -78.279966861999981, -6.39308885 ], [ -78.279889486999934, -6.392871974999935 ], [ -78.27898223699998, -6.391460599999959 ], [ -78.278221611999982, -6.389866974999961 ], [ -78.277931861999946, -6.388961474999974 ], [ -78.278438861999973, -6.388309599999957 ], [ -78.279464861999941, -6.387658224999939 ], [ -78.280150486999958, -6.387222599999973 ], [ -78.280611986999986, -6.386607224999977 ], [ -78.281046611999955, -6.385774224999977 ], [ -78.281444986999986, -6.384397974999956 ], [ -78.282096986999989, -6.383094099999937 ], [ -78.283074861999978, -6.381753974999981 ], [ -78.284476611999935, -6.3806913499999 ], [ -78.286189611999987, -6.379689599999949 ], [ -78.287493486999949, -6.378928974999951 ], [ -78.288437486999953, -6.377748099999963 ], [ -78.288613236999936, -6.377230474999976 ], [ -78.288581986999986, -6.3760976 ], [ -78.289014736999945, -6.374981099999957 ], [ -78.289956361999941, -6.373822099999927 ], [ -78.29126023699996, -6.37251835 ], [ -78.291930692999983, -6.372216651999963 ], [ -78.292763611999987, -6.371841849999953 ], [ -78.293541986999969, -6.371793974999946 ], [ -78.294675736999977, -6.372427724999966 ], [ -78.296041111999955, -6.373604849999936 ], [ -78.296134736999988, -6.373676099999955 ], [ -78.296685111999977, -6.374094849999949 ], [ -78.297707111999955, -6.374872474999961 ], [ -78.299517986999945, -6.375379599999974 ], [ -78.30136523699997, -6.375017349999951 ], [ -78.303248611999948, -6.374111849999963 ], [ -78.304262611999945, -6.372808099999929 ], [ -78.304432736999956, -6.372350974999961 ], [ -78.30484211199996, -6.371250599999939 ], [ -78.305059486999937, -6.369620849999933 ], [ -78.305566486999965, -6.367918599999939 ], [ -78.306218486999967, -6.367049349999945 ], [ -78.307051486999967, -6.36607135 ], [ -78.308174236999946, -6.36505722499993 ], [ -78.309622986999955, -6.363898349999943 ], [ -78.31103548699997, -6.363029099999949 ], [ -78.311384736999969, -6.362799849999931 ], [ -78.312972486999968, -6.361757849999947 ], [ -78.314361236999957, -6.360673849999955 ], [ -78.316033736999941, -6.359298599999931 ], [ -78.317446236999956, -6.358103349999965 ], [ -78.31900361199996, -6.357016724999937 ], [ -78.319778486999951, -6.356872599999974 ], [ -78.320560986999965, -6.356726974999958 ], [ -78.321792486999982, -6.357016724999937 ], [ -78.323058611999954, -6.357837849999953 ], [ -78.324035236999975, -6.358189474999961 ], [ -78.325276986999938, -6.358060599999931 ], [ -78.325925986999948, -6.357763849999969 ], [ -78.326500861999989, -6.35726322499994 ], [ -78.327001486999961, -6.356836724999937 ], [ -78.327455486999952, -6.356319099999951 ], [ -78.328017486999954, -6.355677724999964 ], [ -78.328742236999972, -6.354845724999961 ], [ -78.329810486999975, -6.353843724999933 ], [ -78.330566361999956, -6.353330099999937 ], [ -78.332642611999972, -6.352304724999954 ], [ -78.333734986999957, -6.35097772499995 ], [ -78.333949986999983, -6.35006385 ], [ -78.334099611999989, -6.34898685 ], [ -78.334129361999942, -6.347730224999964 ], [ -78.334808611999961, -6.345925724999972 ], [ -78.334847611999976, -6.345067474999951 ], [ -78.335056986999973, -6.343481724999947 ], [ -78.334877611999957, -6.341866224999933 ], [ -78.334279111999933, -6.340250599999933 ], [ -78.333471361999955, -6.338724724999963 ], [ -78.333261861999972, -6.337557974999925 ], [ -78.332872986999973, -6.336450974999934 ], [ -78.333022611999979, -6.335104599999966 ], [ -78.333561111999984, -6.3334591 ], [ -78.333949986999983, -6.330856224999934 ], [ -78.333890236999935, -6.328881599999931 ], [ -78.334189361999961, -6.326996724999958 ], [ -78.334458611999935, -6.325171724999961 ], [ -78.335146736999945, -6.322299599999951 ], [ -78.335296361999951, -6.320384849999925 ], [ -78.335386111999981, -6.318679474999954 ], [ -78.335984486999962, -6.317572474999963 ], [ -78.337540236999985, -6.316375724999943 ], [ -78.338856611999972, -6.315178974999981 ], [ -78.339319289999935, -6.314531255999952 ], [ -78.340053361999935, -6.313503599999933 ], [ -78.340801361999979, -6.311648599999955 ], [ -78.34190836199997, -6.309614224999962 ], [ -78.343763361999947, -6.30713097499995 ], [ -78.345367236999948, -6.304591849999952 ], [ -78.346007111999938, -6.301895224999953 ], [ -78.346994486999961, -6.299860723999927 ], [ -78.347742361999963, -6.29854434899994 ], [ -78.349387861999958, -6.297407473999954 ], [ -78.351447236999945, -6.297023473999957 ], [ -78.35312111199994, -6.296974598999952 ], [ -78.354560611999943, -6.296521473999974 ], [ -78.355546111999956, -6.295944098999939 ], [ -78.356418736999956, -6.295432973999937 ], [ -78.356852237999988, -6.294991723999942 ], [ -78.357295987999976, -6.294540223999945 ], [ -78.358124112999974, -6.293697598999927 ], [ -78.358603487999972, -6.292339848999973 ], [ -78.358664112999975, -6.292052723999973 ], [ -78.358602737999945, -6.290556223999943 ], [ -78.358483112999977, -6.289269723999951 ], [ -78.358183862999965, -6.287414723999973 ], [ -78.358004362999964, -6.285529848999943 ], [ -78.35827373799998, -6.283734723999942 ], [ -78.358961862999934, -6.282298723999929 ], [ -78.359733612999946, -6.281247598999926 ], [ -78.36036798799995, -6.280383848999975 ], [ -78.361435487999984, -6.279863223999939 ], [ -78.361831987999949, -6.279980473999956 ], [ -78.362342612999953, -6.280503598999928 ], [ -78.363150362999988, -6.280982223999956 ], [ -78.364227487999983, -6.281012098999952 ], [ -78.365124987999934, -6.280772848999959 ], [ -78.366082362999975, -6.279635973999973 ], [ -78.366949987999988, -6.278469098999949 ], [ -78.367817612999943, -6.276853598999935 ], [ -78.36814673799995, -6.27535759899996 ], [ -78.36934348799997, -6.273293223999929 ], [ -78.36996273799997, -6.271083973999964 ], [ -78.370089112999949, -6.268494973999964 ], [ -78.370089112999949, -6.266683973999932 ], [ -78.369986987999937, -6.265408348999927 ], [ -78.369859487999975, -6.264362723999966 ], [ -78.369986987999937, -6.262347598999952 ], [ -78.370216737999954, -6.260459973999957 ], [ -78.370599237999954, -6.25920997399993 ], [ -78.371083862999967, -6.257756098999948 ], [ -78.372104237999963, -6.25505222399994 ], [ -78.372231737999982, -6.253929848999974 ], [ -78.37220623799999, -6.252577848999977 ], [ -78.371823612999947, -6.251455473999954 ], [ -78.371262487999957, -6.250129098999935 ], [ -78.370752237999966, -6.248522098999956 ], [ -78.370471737999935, -6.247425223999926 ], [ -78.370446237999943, -6.24635372399996 ], [ -78.370675737999989, -6.245256973999972 ], [ -78.370839487999945, -6.24456934899996 ], [ -78.370930862999955, -6.244185723999976 ], [ -78.370726737999973, -6.242859098999929 ], [ -78.370191237999961, -6.24196647399998 ], [ -78.36980848799999, -6.241022598999962 ], [ -78.369859487999975, -6.240180848999955 ], [ -78.370089112999949, -6.239083973999925 ], [ -78.370548237999969, -6.23847184899995 ], [ -78.372078737999971, -6.237936098999967 ], [ -78.37350711299996, -6.237196473999973 ], [ -78.374808112999972, -6.236278098999946 ], [ -78.376338612999973, -6.234747598999945 ], [ -78.377888612999982, -6.233431598999971 ], [ -78.378349612999955, -6.232570348999957 ], [ -78.379042987999981, -6.231710973999952 ], [ -78.37962311299998, -6.231138723999948 ], [ -78.380255862999945, -6.230738223999936 ], [ -78.381057612999939, -6.230819348999944 ], [ -78.38197586299998, -6.231176473999938 ], [ -78.383200362999958, -6.231252973999972 ], [ -78.384399512999948, -6.231201901999952 ], [ -78.385572612999965, -6.230895848999978 ], [ -78.387077612999974, -6.230385723999973 ], [ -78.388633612999968, -6.22990109899996 ], [ -78.390189612999961, -6.229110348999939 ], [ -78.392383237999979, -6.228089973999943 ], [ -78.39409236299997, -6.227477723999925 ], [ -78.395367737999948, -6.227528848999953 ], [ -78.396821737999971, -6.228217473999962 ], [ -78.398071612999956, -6.228753223999945 ], [ -78.399244987999964, -6.228753223999945 ], [ -78.399933737999959, -6.228421598999944 ], [ -78.40072448799998, -6.227885848999961 ], [ -78.40128561299997, -6.227018598999962 ], [ -78.401617237999972, -6.225972723999973 ], [ -78.401971612999944, -6.223660473999928 ], [ -78.401872362999939, -6.222121098999935 ], [ -78.40192336299998, -6.220667098999968 ], [ -78.40202536299995, -6.219774223999934 ], [ -78.402816112999972, -6.218728473999931 ], [ -78.404001112999936, -6.217370348999964 ], [ -78.405082112999935, -6.216268598999932 ], [ -78.406163112999934, -6.215333098999963 ], [ -78.407327237999937, -6.214314598999977 ], [ -78.408033987999943, -6.213981848999936 ], [ -78.409031862999939, -6.213690848999931 ], [ -78.409572362999938, -6.213690848999931 ], [ -78.410060612999985, -6.213754348999942 ], [ -78.410941362999949, -6.214080098999943 ], [ -78.411679112999934, -6.214382473999933 ], [ -78.412075612999956, -6.214545098999963 ], [ -78.41289186299997, -6.214545098999963 ], [ -78.414243862999967, -6.213805348999927 ], [ -78.415417237999975, -6.212606473999926 ], [ -78.416360987999951, -6.21115247399996 ], [ -78.417032362999976, -6.209354473999952 ], [ -78.417646487999946, -6.208242223999946 ], [ -78.418228487999954, -6.206978473999925 ], [ -78.418986237999945, -6.205714848999946 ], [ -78.419210987999975, -6.204909973999975 ], [ -78.419090362999953, -6.203729598999928 ], [ -78.418860862999964, -6.203015223999955 ], [ -78.418223112999954, -6.202020598999979 ], [ -78.417330362999962, -6.20084709899993 ], [ -78.417151737999973, -6.199903348999953 ], [ -78.417100612999945, -6.198959598999977 ], [ -78.417100612999945, -6.197633098999972 ], [ -78.417160112999966, -6.195603473999938 ], [ -78.416947862999962, -6.19347522399994 ], [ -78.417202737999958, -6.191842723999969 ], [ -78.417789487999983, -6.19051634899995 ], [ -78.418809862999979, -6.189215223999952 ], [ -78.419728112999962, -6.188424598999973 ], [ -78.420085237999956, -6.188092973999971 ], [ -78.421284112999956, -6.187072723999961 ], [ -78.424103237999987, -6.185606223999969 ], [ -78.425142612999934, -6.184961848999933 ], [ -78.425441987999989, -6.184547348999956 ], [ -78.425645987999985, -6.183654598999965 ], [ -78.425952112999937, -6.182481223999957 ], [ -78.42614561299996, -6.182128598999952 ], [ -78.426810487999944, -6.180710973999965 ], [ -78.427445362999947, -6.179908223999973 ], [ -78.429101987999957, -6.178545973999974 ], [ -78.430365112999937, -6.177507098999968 ], [ -78.431028237999953, -6.176869348999958 ], [ -78.431640487999971, -6.176078598999936 ], [ -78.432357362999937, -6.17561322399996 ], [ -78.434038237999971, -6.175389973999927 ], [ -78.435721737999984, -6.174777723999966 ], [ -78.437022737999939, -6.173629848999951 ], [ -78.437407487999963, -6.172197848999929 ], [ -78.437781737999956, -6.170888223999953 ], [ -78.437968862999981, -6.169412223999927 ], [ -78.43794823799999, -6.168060973999957 ], [ -78.437864987999944, -6.167312598999956 ], [ -78.437809362999985, -6.166485973999954 ], [ -78.438164237999956, -6.165692848999981 ], [ -78.438769487999934, -6.165233723999961 ], [ -78.439541737999946, -6.16462834899994 ], [ -78.440460112999972, -6.163814348999949 ], [ -78.441232487999969, -6.162791723999931 ], [ -78.442422112999964, -6.161727223999947 ], [ -78.444029237999985, -6.160850598999957 ], [ -78.445501112999978, -6.160026223999978 ], [ -78.446116487999973, -6.159681723999938 ], [ -78.448036737999985, -6.158158098999934 ], [ -78.449822237999967, -6.156929723999951 ], [ -78.451021487999981, -6.155590598999936 ], [ -78.45239898799997, -6.154213223999932 ], [ -78.453954862999979, -6.152740223999956 ], [ -78.455410112999971, -6.151264223999931 ], [ -78.456532612999979, -6.150224848999926 ], [ -78.457426487999953, -6.149684348999926 ], [ -78.459755862999941, -6.148685598999975 ], [ -78.460501987999976, -6.148173723999946 ], [ -78.460822237999935, -6.147800598999936 ], [ -78.461052737999978, -6.14757222399993 ], [ -78.461486362999949, -6.147142598999949 ], [ -78.462939487999961, -6.145551348999959 ], [ -78.463836987999969, -6.144778973999962 ], [ -78.464713612999958, -6.143923223999934 ], [ -78.465214487999958, -6.14315097399998 ], [ -78.465611112999966, -6.142169973999955 ], [ -78.465736237999977, -6.140917723999962 ], [ -78.465548487999968, -6.139686223999945 ], [ -78.465569362999986, -6.138600848999943 ], [ -78.465527112999951, -6.137644598999941 ], [ -78.465861487999973, -6.136242348999929 ], [ -78.466224112999953, -6.135228223999945 ], [ -78.466654612999946, -6.134718723999981 ], [ -78.467072237999957, -6.13467097399996 ], [ -78.467385237999963, -6.134635223999965 ], [ -78.467990487999941, -6.134781348999979 ], [ -78.46851223799996, -6.135052598999948 ], [ -78.469367987999988, -6.135198723999963 ], [ -78.470359487999986, -6.135181973999977 ], [ -78.472543237999957, -6.134531223999943 ], [ -78.474401862999969, -6.133834348999926 ], [ -78.475841737999986, -6.132626973999947 ], [ -78.475842237999984, -6.132626223999978 ], [ -78.477150362999964, -6.130462848999969 ], [ -78.477615237999942, -6.129658223999968 ], [ -78.478599612999972, -6.127533223999933 ], [ -78.47901173799994, -6.126210973999946 ], [ -78.478676487999962, -6.124866598999972 ], [ -78.478304862999948, -6.123983848999956 ], [ -78.477886737999938, -6.122078723999948 ], [ -78.477282737999985, -6.119616098999927 ], [ -78.47686448799999, -6.117711098999962 ], [ -78.476817987999937, -6.11622422399995 ], [ -78.477282737999985, -6.114830348999931 ], [ -78.478728487999945, -6.112681598999927 ], [ -78.480376987999989, -6.110874973999955 ], [ -78.481269487999953, -6.109986348999939 ], [ -78.482645862999959, -6.109029473999954 ], [ -78.483742112999948, -6.108688598999947 ], [ -78.484847612999943, -6.108392598999956 ], [ -78.485788487999969, -6.108030723999946 ], [ -78.486823737999941, -6.10743384899996 ], [ -78.487956612999938, -6.106678723999948 ], [ -78.488809237999988, -6.105789473999948 ], [ -78.490246487999968, -6.104875973999981 ], [ -78.491591737999954, -6.10445134899993 ], [ -78.492329362999953, -6.10440097399993 ], [ -78.493157612999937, -6.104437473999951 ], [ -78.494241612999986, -6.104461848999961 ], [ -78.494536112999981, -6.104424598999969 ], [ -78.495203862999972, -6.104340098999955 ], [ -78.496300112999961, -6.104084223999962 ], [ -78.497469487999979, -6.10335347399996 ], [ -78.498054112999966, -6.10285397399997 ], [ -78.498414612999966, -6.102527348999956 ], [ -78.498443862999977, -6.102500848999966 ], [ -78.498463612999956, -6.102415723999968 ], [ -78.498557862999974, -6.102009973999941 ], [ -78.498602237999989, -6.101818723999941 ], [ -78.498614362999945, -6.101294973999927 ], [ -78.498191987999974, -6.100728348999951 ], [ -78.497526737999976, -6.100333473999967 ], [ -78.497256487999948, -6.09966822399997 ], [ -78.497147362999954, -6.098485848999928 ], [ -78.497190487999944, -6.096934973999964 ], [ -78.497104237999963, -6.095771848999959 ], [ -78.497233487999949, -6.094350223999925 ], [ -78.497925737999935, -6.091642598999954 ], [ -78.498019237999983, -6.090770348999968 ], [ -78.498612112999979, -6.089272473999927 ], [ -78.499037893999969, -6.088642368999956 ], [ -78.499149487999944, -6.088477223999973 ], [ -78.499416612999937, -6.088081848999934 ], [ -78.500253237999971, -6.087245223999957 ], [ -78.501315237999961, -6.086987723999925 ], [ -78.501558737999972, -6.087008598999944 ], [ -78.502441487999988, -6.087084223999966 ], [ -78.503117362999944, -6.087438223999925 ], [ -78.50372873799995, -6.087663473999953 ], [ -78.504501112999947, -6.087695723999957 ], [ -78.505434237999964, -6.08737384899996 ], [ -78.506431862999989, -6.086987723999925 ], [ -78.507236362999947, -6.086472848999961 ], [ -78.507847737999953, -6.086151098999949 ], [ -78.508197112999937, -6.085803598999973 ], [ -78.508394862999978, -6.085249973999964 ], [ -78.508909737999943, -6.08373759899996 ], [ -78.509263737999959, -6.08222509899997 ], [ -78.509392487999946, -6.080487348999952 ], [ -78.509456737999983, -6.079328848999978 ], [ -78.509617737999974, -6.078170348999947 ], [ -78.50977861299998, -6.07759109899996 ], [ -78.51022911299998, -6.077044098999977 ], [ -78.51135536299995, -6.076078723999956 ], [ -78.512449487999959, -6.075081098999931 ], [ -78.513318362999939, -6.074115723999967 ], [ -78.514187237999977, -6.073214723999968 ], [ -78.515088237999976, -6.072538848999955 ], [ -78.515860612999973, -6.072056223999937 ], [ -78.516311112999972, -6.072023973999933 ], [ -78.516399987999989, -6.072083223999925 ], [ -78.516600737999966, -6.072217098999943 ], [ -78.516890362999959, -6.072635473999981 ], [ -78.517179987999953, -6.073021598999958 ], [ -78.517373112999962, -6.073118098999942 ], [ -78.518113237999955, -6.073214723999968 ], [ -78.518949862999989, -6.073246848999929 ], [ -78.519689987999982, -6.073600848999945 ], [ -78.520945112999982, -6.073793848999969 ], [ -78.521846112999981, -6.073761723999951 ], [ -78.523101112999939, -6.073504348999961 ], [ -78.523583862999942, -6.073407723999935 ], [ -78.52423848799998, -6.073106098999972 ], [ -78.524393612999972, -6.073118723999926 ], [ -78.52493536299994, -6.072860723999952 ], [ -78.525675487999933, -6.072538848999955 ], [ -78.526962737999952, -6.072120598999959 ], [ -78.528088987999979, -6.071734348999939 ], [ -78.528829112999972, -6.071605723999937 ], [ -78.528874362999943, -6.071614223999973 ], [ -78.529504987999985, -6.071734348999939 ], [ -78.530212862999974, -6.07234584899993 ], [ -78.530727737999939, -6.072957223999936 ], [ -78.531371362999948, -6.073246848999929 ], [ -78.532594237999945, -6.07353647399998 ], [ -78.533752737999976, -6.073858223999935 ], [ -78.535232987999962, -6.074083473999963 ], [ -78.537035112999945, -6.074180098999932 ], [ -78.538933737999969, -6.074115723999967 ], [ -78.54102536299996, -6.073761723999951 ], [ -78.542473487999985, -6.073375598999974 ], [ -78.543921612999952, -6.072860723999952 ], [ -78.545498487999964, -6.072506723999936 ], [ -78.546101737999948, -6.072299848999933 ], [ -78.547895487999938, -6.071905223999977 ], [ -78.549209112999961, -6.071618598999976 ], [ -78.551194362999979, -6.071573473999933 ], [ -78.553768737999974, -6.07138034899998 ], [ -78.554729192999957, -6.071335344999966 ], [ -78.555828237999947, -6.07128384899994 ], [ -78.557405112999959, -6.071412598999927 ], [ -78.558016487999964, -6.071863098999927 ], [ -78.558080862999986, -6.072313598999926 ], [ -78.557405112999959, -6.072860723999952 ], [ -78.556922362999956, -6.073150348999945 ], [ -78.55676148799995, -6.073568598999941 ], [ -78.556922362999956, -6.074115723999967 ], [ -78.557726862999971, -6.075209848999975 ], [ -78.558338237999976, -6.076143098999978 ], [ -78.559400237999967, -6.077011973999959 ], [ -78.560590862999959, -6.077719848999948 ], [ -78.562071112999945, -6.077945098999976 ], [ -78.563422737999986, -6.077945098999976 ], [ -78.565063862999978, -6.078299098999935 ], [ -78.566157987999986, -6.078459973999941 ], [ -78.567026862999967, -6.078492223999945 ], [ -78.568346237999947, -6.078138223999929 ], [ -78.570019612999943, -6.078363473999957 ], [ -78.572240112999964, -6.078781848999938 ], [ -78.574910987999942, -6.079007098999966 ], [ -78.577420987999972, -6.079167973999972 ], [ -78.579094362999967, -6.079200098999934 ], [ -78.580413737999947, -6.07910359899995 ], [ -78.58285948799994, -6.07891047399994 ], [ -78.584629362999976, -6.078620973999932 ], [ -78.585819987999969, -6.078073848999964 ], [ -78.586059612999975, -6.077908848999925 ], [ -78.588716237999961, -6.076078723999956 ], [ -78.590421737999975, -6.074630598999931 ], [ -78.591258487999937, -6.073858223999935 ], [ -78.592288237999981, -6.072764098999926 ], [ -78.592770987999984, -6.071927473999949 ], [ -78.593189237999979, -6.071122973999934 ], [ -78.593704112999944, -6.070543723999947 ], [ -78.594798237999953, -6.069674848999966 ], [ -78.595634987999972, -6.068934723999973 ], [ -78.596310737999943, -6.06809809899994 ], [ -78.59708311299994, -6.067518848999953 ], [ -78.59763011299998, -6.067261348999978 ], [ -78.59875636299995, -6.06658559899995 ], [ -78.599786237999979, -6.066070723999928 ], [ -78.60046198799995, -6.065620223999929 ], [ -78.600976862999971, -6.065040973999942 ], [ -78.601169862999939, -6.064397348999933 ], [ -78.601330862999987, -6.063399723999964 ], [ -78.601427362999971, -6.062949223999965 ], [ -78.601483737999956, -6.06244234899998 ], [ -78.601684862999946, -6.062241223999933 ], [ -78.601974362999954, -6.06188734899996 ], [ -78.601974362999954, -6.061729973999945 ], [ -78.601974362999954, -6.061597723999967 ], [ -78.601684862999946, -6.061340223999935 ], [ -78.601652612999942, -6.060889723999935 ], [ -78.601684862999946, -6.060535723999976 ], [ -78.601942237999936, -6.059892098999967 ], [ -78.602553612999941, -6.059248473999958 ], [ -78.603840862999959, -6.05831534899994 ], [ -78.604838487999984, -6.057864723999955 ], [ -78.605996987999958, -6.057542973999944 ], [ -78.60676923799997, -6.057188973999928 ], [ -78.607412862999979, -6.056641973999945 ], [ -78.608024237999985, -6.055612223999958 ], [ -78.608571362999953, -6.054292848999978 ], [ -78.608860987999947, -6.05300559899996 ], [ -78.609118362999936, -6.051428723999948 ], [ -78.609311487999946, -6.049723223999933 ], [ -78.609214987999962, -6.047374098999967 ], [ -78.609214987999962, -6.045732848999933 ], [ -78.609214987999962, -6.044703098999946 ], [ -78.609053987999971, -6.043930848999935 ], [ -78.608635737999975, -6.04302972399995 ], [ -78.608120862999954, -6.042160973999955 ], [ -78.607734612999934, -6.041227723999953 ], [ -78.607541612999967, -6.040262348999931 ], [ -78.607477237999944, -6.039425598999969 ], [ -78.607766862999938, -6.037977473999945 ], [ -78.607895612999982, -6.036432848999937 ], [ -78.60783123799996, -6.034952598999951 ], [ -78.60763811299995, -6.033472348999965 ], [ -78.607251987999973, -6.031927723999956 ], [ -78.607123237999986, -6.030447348999928 ], [ -78.606897987999957, -6.028838348999955 ], [ -78.606930112999976, -6.027744223999946 ], [ -78.607507987999952, -6.026973723999959 ], [ -78.607525862999978, -6.026962223999931 ], [ -78.60784436299997, -6.02675759899995 ], [ -78.607981112999937, -6.026695348999965 ], [ -78.608701737999979, -6.026367848999939 ], [ -78.609227862999944, -6.026075598999967 ], [ -78.609539612999981, -6.025666348999948 ], [ -78.609636987999977, -6.025257223999972 ], [ -78.609675987999935, -6.02476997399998 ], [ -78.609581737999974, -6.024172848999967 ], [ -78.609633237999958, -6.02314247399994 ], [ -78.61042936299998, -6.020913223999969 ], [ -78.610856112999954, -6.019023473999937 ], [ -78.610952612999938, -6.017543223999951 ], [ -78.61121011299997, -6.016609973999948 ], [ -78.611789362999957, -6.015966348999939 ], [ -78.612947862999988, -6.015580223999962 ], [ -78.614460237999936, -6.015000973999975 ], [ -78.615586612999948, -6.014486098999953 ], [ -78.61722773799994, -6.013391973999944 ], [ -78.61902986299998, -6.012362223999958 ], [ -78.620027487999948, -6.011332473999971 ], [ -78.620670987999972, -6.010399223999968 ], [ -78.621250237999959, -6.009272848999956 ], [ -78.62186173799995, -6.008532723999963 ], [ -78.622633987999961, -6.00753522399998 ], [ -78.623631612999986, -6.006762848999927 ], [ -78.624049987999967, -6.006215848999943 ], [ -78.624307362999957, -6.005604348999952 ], [ -78.624822237999979, -6.004832098999941 ], [ -78.625304987999982, -6.004124098999966 ], [ -78.625691112999959, -6.003126473999941 ], [ -78.626012862999971, -6.002064598999937 ], [ -78.626334737999969, -6.00129222399994 ], [ -78.626785237999968, -6.000584348999951 ], [ -78.627557612999965, -5.999651098999948 ], [ -78.627632987999959, -5.999563473999956 ], [ -78.627775362999955, -5.999039098999958 ], [ -78.628195362999975, -5.997494098999937 ], [ -78.628232362999938, -5.996435598999938 ], [ -78.628238237999938, -5.996160098999951 ], [ -78.628232362999938, -5.995984348999968 ], [ -78.628037112999948, -5.995433598999966 ], [ -78.627878862999978, -5.994753848999949 ], [ -78.627744112999949, -5.994169973999931 ], [ -78.627703112999939, -5.992804723999939 ], [ -78.627863112999989, -5.99157809899998 ], [ -78.628185487999986, -5.990613223999958 ], [ -78.629009737999979, -5.989648473999978 ], [ -78.629812612999956, -5.989046848999976 ], [ -78.630636737999964, -5.988878848999946 ], [ -78.632003987999951, -5.988986348999958 ], [ -78.633269487999939, -5.989083973999925 ], [ -78.634636737999983, -5.988906223999948 ], [ -78.635863237999956, -5.988744098999973 ], [ -78.636404237999955, -5.988263723999978 ], [ -78.63686136299998, -5.987544973999945 ], [ -78.637289112999952, -5.98629297399998 ], [ -78.637740237999935, -5.984974598999941 ], [ -78.637921862999974, -5.983839848999935 ], [ -78.638171862999968, -5.982290973999966 ], [ -78.638376987999948, -5.981017598999927 ], [ -78.638890612999944, -5.977841848999958 ], [ -78.639433487999952, -5.974474598999961 ], [ -78.640466737999986, -5.972181598999953 ], [ -78.641517487999977, -5.969847598999934 ], [ -78.643195362999961, -5.96820484899996 ], [ -78.64429161299995, -5.967758223999965 ], [ -78.645956362999982, -5.967839348999973 ], [ -78.647661612999968, -5.967392723999978 ], [ -78.648717237999961, -5.966458973999977 ], [ -78.649366862999955, -5.964916098999936 ], [ -78.649772862999953, -5.963535598999954 ], [ -78.649989737999988, -5.963101973999926 ], [ -78.650016487999949, -5.963048348999962 ], [ -78.650535112999989, -5.962822223999979 ], [ -78.651478487999952, -5.962742223999953 ], [ -78.653367237999987, -5.962580098999979 ], [ -78.655117237999946, -5.961566348999952 ], [ -78.656705112999987, -5.960001973999965 ], [ -78.657464862999973, -5.95910347399996 ], [ -78.658374987999935, -5.958345723999969 ], [ -78.659468737999987, -5.956777348999935 ], [ -78.660288237999964, -5.955604473999927 ], [ -78.660418862999961, -5.955165348999969 ], [ -78.660458487999961, -5.955073848999973 ], [ -78.660699737999948, -5.954517223999972 ], [ -78.660894112999983, -5.953912223999964 ], [ -78.660915737999971, -5.953350473999933 ], [ -78.660915737999971, -5.95289672399997 ], [ -78.660764487999984, -5.952270098999975 ], [ -78.660440487999949, -5.951297848999957 ], [ -78.660245987999986, -5.950498473999971 ], [ -78.660181112999965, -5.949936598999955 ], [ -78.660245987999986, -5.948964348999937 ], [ -78.660280737999983, -5.948316098999953 ], [ -78.660400362999951, -5.94729684899994 ], [ -78.660568362999982, -5.94653322399995 ], [ -78.660988237999959, -5.944646473999967 ], [ -78.661564487999954, -5.942915973999959 ], [ -78.662886737999941, -5.94156634899997 ], [ -78.663914112999976, -5.939591723999968 ], [ -78.665078112999936, -5.937359348999962 ], [ -78.667017612999985, -5.933638723999934 ], [ -78.668283237999958, -5.931785098999967 ], [ -78.66932223799995, -5.929445348999934 ], [ -78.670234362999963, -5.927396473999977 ], [ -78.670476612999948, -5.925669973999959 ], [ -78.670818362999967, -5.923232473999974 ], [ -78.671263612999951, -5.92142572399996 ], [ -78.671796737999955, -5.919255848999967 ], [ -78.672468737999964, -5.917861348999963 ], [ -78.673150362999934, -5.916445348999957 ], [ -78.674564487999987, -5.915081973999975 ], [ -78.676294862999953, -5.913824223999939 ], [ -78.678234362999945, -5.913089848999959 ], [ -78.681027362999941, -5.911805723999976 ], [ -78.682770612999946, -5.911075973999971 ], [ -78.684027237999942, -5.909940848999952 ], [ -78.684919112999978, -5.907954348999965 ], [ -78.684943362999945, -5.906066348999957 ], [ -78.684628862999944, -5.904597598999942 ], [ -78.685048862999963, -5.902710973999945 ], [ -78.68588473799997, -5.90119134899993 ], [ -78.686001612999974, -5.900880348999976 ], [ -78.686002237999958, -5.900878598999952 ], [ -78.686843737999936, -5.898638723999966 ], [ -78.687658237999983, -5.896908223999958 ], [ -78.689162112999952, -5.89517772399995 ], [ -78.69068748799998, -5.89342384899993 ], [ -78.692814487999954, -5.891556598999955 ], [ -78.694624987999987, -5.889968723999971 ], [ -78.695933612999966, -5.888527348999958 ], [ -78.696339862999935, -5.886826223999947 ], [ -78.696305362999965, -5.885002348999933 ], [ -78.696158362999938, -5.883973223999931 ], [ -78.696046987999978, -5.883193473999938 ], [ -78.695323362999943, -5.88143622399997 ], [ -78.693100987999969, -5.87838684899998 ], [ -78.691653862999942, -5.876216098999976 ], [ -78.691136987999982, -5.874303723999958 ], [ -78.691330112999935, -5.871960973999933 ], [ -78.692118987999947, -5.870737598999938 ], [ -78.69268748799999, -5.869755598999973 ], [ -78.694909987999949, -5.868153348999954 ], [ -78.695891987999971, -5.866809598999964 ], [ -78.696563862999938, -5.864948973999958 ], [ -78.697804362999989, -5.862364723999974 ], [ -78.698372737999989, -5.860865973999978 ], [ -78.698269362999952, -5.859160348999978 ], [ -78.697907612999984, -5.856937973999948 ], [ -78.697390737999967, -5.855077348999941 ], [ -78.696770612999956, -5.852751473999945 ], [ -78.697028987999943, -5.850994223999976 ], [ -78.698217737999983, -5.849288723999962 ], [ -78.69857948799995, -5.847117973999957 ], [ -78.698372737999989, -5.845153848999928 ], [ -78.698837862999937, -5.842673223999952 ], [ -78.699147987999936, -5.840760848999935 ], [ -78.700403237999979, -5.838401098999952 ], [ -78.701580737999961, -5.836330348999979 ], [ -78.701672612999971, -5.83621809899995 ], [ -78.702782112999955, -5.835346348999963 ], [ -78.70439498799999, -5.834412473999976 ], [ -78.706347487999949, -5.833563598999945 ], [ -78.709318612999937, -5.832120473999964 ], [ -78.710931487999972, -5.831271598999933 ], [ -78.711638862999962, -5.830623223999964 ], [ -78.711950112999943, -5.830337848999932 ], [ -78.712119112999972, -5.829915473999961 ], [ -78.712289737999981, -5.829488973999958 ], [ -78.712289737999981, -5.828724973999954 ], [ -78.71217661299994, -5.828084223999952 ], [ -78.71212148799998, -5.827772098999958 ], [ -78.711913987999935, -5.826754598999969 ], [ -78.711087112999962, -5.825255598999945 ], [ -78.710725112999967, -5.824221848999969 ], [ -78.710673612999983, -5.822361223999962 ], [ -78.709846612999968, -5.819570348999946 ], [ -78.709313737999935, -5.817438723999942 ], [ -78.708809237999958, -5.816076473999942 ], [ -78.70838473799995, -5.813529848999963 ], [ -78.707705612999973, -5.811067973999968 ], [ -78.705668362999972, -5.807247973999949 ], [ -78.705074112999966, -5.804871098999968 ], [ -78.704310112999963, -5.800881348999951 ], [ -78.703715862999957, -5.795618223999952 ], [ -78.703278612999952, -5.793494348999957 ], [ -78.702621112999964, -5.792822223999963 ], [ -78.702507862999937, -5.792658098999937 ], [ -78.701783862999946, -5.791609223999956 ], [ -78.701626362999946, -5.790130848999979 ], [ -78.70147386299999, -5.788249723999968 ], [ -78.701008612999942, -5.785820598999976 ], [ -78.700570487999983, -5.785220848999927 ], [ -78.699898487999974, -5.784300723999934 ], [ -78.698738612999989, -5.781883598999968 ], [ -78.697520487999952, -5.780137598999943 ], [ -78.696383737999952, -5.77863522399997 ], [ -78.694718987999977, -5.777051848999974 ], [ -78.693703987999982, -5.775184098999944 ], [ -78.693674237999971, -5.775143473999947 ], [ -78.692891987999985, -5.773072848999959 ], [ -78.692526487999942, -5.771854848999965 ], [ -78.692650112999956, -5.771619848999933 ], [ -78.69293248799994, -5.77108334899998 ], [ -78.693541487999937, -5.769296848999943 ], [ -78.693541487999937, -5.767347973999961 ], [ -78.693419737999989, -5.76588634899997 ], [ -78.693307737999987, -5.76499197399994 ], [ -78.692894237999951, -5.762769473999981 ], [ -78.691705487999968, -5.760288723999963 ], [ -78.691550487999962, -5.758272973999965 ], [ -78.692015612999967, -5.756929223999975 ], [ -78.692532487999983, -5.755792098999962 ], [ -78.692383612999947, -5.754045098999939 ], [ -78.692323487999943, -5.753340348999927 ], [ -78.691755112999942, -5.750741848999951 ], [ -78.691291862999947, -5.749693473999969 ], [ -78.689948237999943, -5.747832848999963 ], [ -78.688604487999953, -5.74638559899995 ], [ -78.68852061299998, -5.746331723999958 ], [ -78.686030237999944, -5.744367598999929 ], [ -78.684879612999964, -5.74391847399994 ], [ -78.684365612999954, -5.74371784899995 ], [ -78.682457237999984, -5.74306809899997 ], [ -78.681287487999953, -5.74306809899997 ], [ -78.679791487999978, -5.742640598999969 ], [ -78.677686237999978, -5.742289723999932 ], [ -78.67492936299999, -5.74198897399998 ], [ -78.67465823799995, -5.742001973999947 ], [ -78.672824112999933, -5.742089223999926 ], [ -78.670769112999949, -5.741938848999951 ], [ -78.668563612999947, -5.741638098999942 ], [ -78.666859362999958, -5.741036723999969 ], [ -78.663902112999949, -5.739883848999966 ], [ -78.661445987999969, -5.738730973999964 ], [ -78.660492608999959, -5.738276983999981 ], [ -78.659340737999969, -5.737728473999937 ], [ -78.656320737999977, -5.736781848999954 ], [ -78.655982362999964, -5.736675848999937 ], [ -78.654829612999947, -5.736274848999926 ], [ -78.653676737999945, -5.735222223999926 ], [ -78.653355612999974, -5.734392723999974 ], [ -78.653075237999985, -5.73366834899997 ], [ -78.652423612999939, -5.731663473999959 ], [ -78.65182211299998, -5.729758723999964 ], [ -78.651571487999945, -5.728054473999975 ], [ -78.651421112999969, -5.726099598999951 ], [ -78.651421112999969, -5.724545848999981 ], [ -78.651521362999972, -5.723593473999927 ], [ -78.65182211299998, -5.721889223999938 ], [ -78.652674237999975, -5.720385473999954 ], [ -78.653726862999974, -5.719082223999976 ], [ -78.654126862999988, -5.718875723999929 ], [ -78.655149362999964, -5.718347973999926 ], [ -78.655280737999988, -5.718280223999955 ], [ -78.65536648799997, -5.718261223999946 ], [ -78.656633987999953, -5.717979473999947 ], [ -78.658087612999964, -5.717979473999947 ], [ -78.659892112999955, -5.718079723999949 ], [ -78.661295612999936, -5.718079723999949 ], [ -78.662498612999968, -5.717879223999944 ], [ -78.664397362999978, -5.717562848999933 ], [ -78.666431987999943, -5.717390848999969 ], [ -78.66834436299996, -5.716512223999928 ], [ -78.670876862999989, -5.715013348999946 ], [ -78.67361611299998, -5.712894223999967 ], [ -78.67640698799994, -5.710568598999942 ], [ -78.679611487999978, -5.708811348999973 ], [ -78.682092237999939, -5.708036098999969 ], [ -78.683797862999938, -5.707054098999947 ], [ -78.685038237999947, -5.704935098999954 ], [ -78.686330237999982, -5.701368848999948 ], [ -78.686330237999982, -5.698887973999945 ], [ -78.685244987999965, -5.696665598999971 ], [ -78.683746112999984, -5.694649848999973 ], [ -78.680748487999949, -5.692324098999961 ], [ -78.679209112999956, -5.690732473999958 ], [ -78.677544487999967, -5.689839223999968 ], [ -78.676001612999983, -5.689149098999962 ], [ -78.673930862999953, -5.688215223999975 ], [ -78.669584737999969, -5.68601872399995 ], [ -78.667678237999951, -5.684358098999951 ], [ -78.666424487999961, -5.683598223999979 ], [ -78.66534661299994, -5.683227723999948 ], [ -78.66260736299995, -5.682142348999946 ], [ -78.65981648799999, -5.681315348999931 ], [ -78.657438987999967, -5.679454723999925 ], [ -78.655836737999948, -5.678007598999955 ], [ -78.653459362999968, -5.676612098999954 ], [ -78.651081862999945, -5.675630098999932 ], [ -78.65020323799996, -5.673976223999944 ], [ -78.649175112999956, -5.671148973999948 ], [ -78.648903487999974, -5.669564348999927 ], [ -78.648722362999933, -5.667164598999932 ], [ -78.648450737999951, -5.664991348999934 ], [ -78.648662895999962, -5.66340030799995 ], [ -78.648812987999975, -5.662274723999928 ], [ -78.648314862999939, -5.660191973999929 ], [ -78.647013987999969, -5.658249973999943 ], [ -78.645598362999976, -5.656524598999965 ], [ -78.644104112999969, -5.654804098999932 ], [ -78.642791112999987, -5.653626848999977 ], [ -78.642021362999969, -5.652223348999939 ], [ -78.640935198999955, -5.650594369999965 ], [ -78.640934737999942, -5.650593348999962 ], [ -78.640151987999957, -5.648780848999934 ], [ -78.640074487999982, -5.647695598999974 ], [ -78.639938737999955, -5.646563723999975 ], [ -78.639033237999968, -5.645114848999981 ], [ -78.63757861299996, -5.644344473999979 ], [ -78.63522986299995, -5.644073473999981 ], [ -78.632966112999952, -5.643530098999975 ], [ -78.630318362999958, -5.64278509899998 ], [ -78.628574237999942, -5.641945473999954 ], [ -78.626794237999945, -5.640960098999926 ], [ -78.626038737999977, -5.640541848999931 ], [ -78.624770987999966, -5.639364723999961 ], [ -78.624143362999973, -5.638043473999971 ], [ -78.62391073799995, -5.637553598999943 ], [ -78.623367362999943, -5.635561473999928 ], [ -78.622959737999963, -5.634520098999928 ], [ -78.621392237999942, -5.632428473999937 ], [ -78.620823862999941, -5.630479598999955 ], [ -78.620701987999951, -5.628287098999976 ], [ -78.62013361299995, -5.625444973999947 ], [ -78.61956523799995, -5.622724473999938 ], [ -78.618184737999968, -5.620694473999947 ], [ -78.616032862999987, -5.619476473999953 ], [ -78.614489987999946, -5.618420848999961 ], [ -78.613929288999941, -5.618102225999962 ], [ -78.612703612999951, -5.61740572399998 ], [ -78.610372987999938, -5.615730223999947 ], [ -78.609195737999983, -5.614960473999929 ], [ -78.608335487999966, -5.613556973999948 ], [ -78.608018487999971, -5.612424973999964 ], [ -78.607656487999975, -5.611519473999977 ], [ -78.606388612999979, -5.610387598999978 ], [ -78.605437612999935, -5.609708473999945 ], [ -78.604939737999985, -5.608440723999934 ], [ -78.604815987999984, -5.607207848999963 ], [ -78.606266737999988, -5.604185723999933 ], [ -78.606699362999962, -5.602454973999954 ], [ -78.606946487999949, -5.600724098999933 ], [ -78.606946487999949, -5.599055223999926 ], [ -78.607441112999936, -5.597386223999933 ], [ -78.608121112999982, -5.596149973999957 ], [ -78.607587612999964, -5.595318473999953 ], [ -78.606491612999946, -5.594546973999968 ], [ -78.605922987999975, -5.593653723999978 ], [ -78.604501987999981, -5.592354473999933 ], [ -78.603283862999945, -5.591704848999939 ], [ -78.601619237999955, -5.591298848999941 ], [ -78.599995112999977, -5.590243223999948 ], [ -78.599629862999961, -5.588497348999965 ], [ -78.599507987999971, -5.587116848999926 ], [ -78.599380862999965, -5.586074223999958 ], [ -78.599034487999972, -5.584529223999937 ], [ -78.598169237999969, -5.583540223999933 ], [ -78.596129362999989, -5.581747598999925 ], [ -78.59508236299996, -5.579524348999939 ], [ -78.594635737999965, -5.57753484899996 ], [ -78.594595112999968, -5.57530184899997 ], [ -78.594595112999968, -5.573352848999946 ], [ -78.594554487999972, -5.571931848999952 ], [ -78.59418911299997, -5.570713723999972 ], [ -78.592646237999986, -5.569536348999975 ], [ -78.591631237999934, -5.568358848999935 ], [ -78.590940987999943, -5.567871598999943 ], [ -78.590912487999958, -5.567867098999955 ], [ -78.590169487999958, -5.567749848999938 ], [ -78.589357487999962, -5.567303223999943 ], [ -78.588139362999982, -5.566734848999943 ], [ -78.586596612999983, -5.565760348999959 ], [ -78.585134862999951, -5.564826473999972 ], [ -78.584201112999949, -5.563649098999974 ], [ -78.583388862999982, -5.561415973999942 ], [ -78.583429612999964, -5.559873098999958 ], [ -78.584810112999946, -5.558330223999974 ], [ -78.585216112999944, -5.557721223999977 ], [ -78.585522362999939, -5.556633098999953 ], [ -78.585087237999971, -5.554971473999956 ], [ -78.584177237999938, -5.552914348999934 ], [ -78.58299048799995, -5.550738598999942 ], [ -78.581724487999963, -5.549314223999943 ], [ -78.580735487999959, -5.548483598999951 ], [ -78.579153112999961, -5.54757372399996 ], [ -78.577689362999934, -5.546980348999966 ], [ -78.575711362999982, -5.546189098999946 ], [ -78.574172487999988, -5.545581223999932 ], [ -78.572913737999954, -5.545621848999929 ], [ -78.571330362999959, -5.545703098999979 ], [ -78.570477737999965, -5.545703098999979 ], [ -78.569828112999971, -5.545378348999975 ], [ -78.568691237999985, -5.543226348999951 ], [ -78.567759612999964, -5.541085848999955 ], [ -78.567087237999942, -5.539938598999925 ], [ -78.565781737999941, -5.539147473999947 ], [ -78.564080612999987, -5.53827709899997 ], [ -78.561746612999968, -5.53803972399993 ], [ -78.559570862999976, -5.538079348999929 ], [ -78.557214487999943, -5.538263848999975 ], [ -78.55474736299999, -5.538074723999955 ], [ -78.554032362999976, -5.537723223999933 ], [ -78.552924737999945, -5.536813348999942 ], [ -78.552014862999954, -5.53542884899997 ], [ -78.551065362999964, -5.534123223999927 ], [ -78.550234612999986, -5.533094723999966 ], [ -78.549957612999947, -5.531472723999968 ], [ -78.550353237999957, -5.531077098999958 ], [ -78.551025612999979, -5.531037598999944 ], [ -78.551737862999971, -5.530562848999978 ], [ -78.551929987999983, -5.529693723999969 ], [ -78.551761237999983, -5.527709598999934 ], [ -78.551634612999976, -5.525683348999962 ], [ -78.551085862999969, -5.523868223999955 ], [ -78.550410362999969, -5.521715348999976 ], [ -78.550241487999983, -5.52040672399994 ], [ -78.550114862999976, -5.51871822399994 ], [ -78.550536987999976, -5.516776473999926 ], [ -78.551043612999933, -5.515467848999947 ], [ -78.550959112999976, -5.514032598999961 ], [ -78.551761237999983, -5.512850723999975 ], [ -78.552605487999983, -5.512133098999925 ], [ -78.553111987999955, -5.511246598999946 ], [ -78.552774237999984, -5.510360098999968 ], [ -78.552225487999976, -5.509600348999925 ], [ -78.552098862999969, -5.508629348999932 ], [ -78.552352112999984, -5.508080598999925 ], [ -78.553280737999955, -5.507574098999953 ], [ -78.554040737999969, -5.506814223999925 ], [ -78.554969362999941, -5.506265473999974 ], [ -78.555813612999941, -5.505252348999932 ], [ -78.555982487999984, -5.503690473999939 ], [ -78.556277987999977, -5.50263522399996 ], [ -78.556826737999984, -5.50179097399996 ], [ -78.557882112999948, -5.500651223999967 ], [ -78.558515237999984, -5.499089348999973 ], [ -78.558557487999963, -5.497611848999952 ], [ -78.558249987999943, -5.496361348999926 ], [ -78.557612737999989, -5.495231473999979 ], [ -78.557154112999967, -5.49481872399997 ], [ -78.555870237999954, -5.494360098999948 ], [ -78.554677862999938, -5.493947473999981 ], [ -78.553577362999988, -5.493351348999965 ], [ -78.552866612999935, -5.492479973999934 ], [ -78.552316362999989, -5.491631723999944 ], [ -78.55149086299997, -5.490989723999974 ], [ -78.550734237999961, -5.490301848999934 ], [ -78.550161237999987, -5.489705723999975 ], [ -78.549496112999975, -5.489247098999954 ], [ -78.548556112999961, -5.488536348999958 ], [ -78.547982862999959, -5.487665098999969 ], [ -78.54752436299998, -5.486908348999975 ], [ -78.546813612999983, -5.486312348999945 ], [ -78.546332112999949, -5.485876723999979 ], [ -78.545827612999972, -5.485395223999944 ], [ -78.54532323799998, -5.48461572399998 ], [ -78.544024487999934, -5.48294672399993 ], [ -78.543077112999981, -5.481767098999967 ], [ -78.545452737999938, -5.47990297399997 ], [ -78.547599612999988, -5.477519473999962 ], [ -78.545994862999976, -5.475340348999964 ], [ -78.54485798799999, -5.473391473999925 ], [ -78.543436987999939, -5.471767348999947 ], [ -78.542137612999966, -5.470386848999965 ], [ -78.541404987999954, -5.469906973999969 ], [ -78.540527237999981, -5.469331973999942 ], [ -78.539267612999936, -5.468007848999946 ], [ -78.538442862999943, -5.467382473999976 ], [ -78.537265487999946, -5.466489098999944 ], [ -78.535925612999961, -5.465839473999949 ], [ -78.534017362999975, -5.46506809899995 ], [ -78.531662112999982, -5.463724598999931 ], [ -78.530119612999954, -5.462469598999974 ], [ -78.527927112999976, -5.460926723999933 ], [ -78.52548823799998, -5.459449223999968 ], [ -78.524961737999945, -5.45911472399996 ], [ -78.52337761299998, -5.458108098999958 ], [ -78.522689487999969, -5.457771473999969 ], [ -78.520456362999937, -5.456622848999928 ], [ -78.519157987999961, -5.456130598999948 ], [ -78.518101487999957, -5.455729598999937 ], [ -78.515178112999934, -5.454349223999941 ], [ -78.514683612999988, -5.453980473999934 ], [ -78.513960112999939, -5.453374723999957 ], [ -78.513107612999988, -5.452237848999971 ], [ -78.512173612999959, -5.449314598999933 ], [ -78.511320987999966, -5.446797223999965 ], [ -78.511280362999969, -5.443427348999933 ], [ -78.511726987999964, -5.439610723999976 ], [ -78.511726987999964, -5.436768598999947 ], [ -78.511929987999963, -5.433520473999977 ], [ -78.512141328999974, -5.431830020999939 ], [ -78.512214237999956, -5.431246848999933 ], [ -78.513147987999957, -5.42771447399997 ], [ -78.51375711299994, -5.426090348999935 ], [ -78.514934487999938, -5.424994098999946 ], [ -78.517451862999962, -5.423370098999953 ], [ -78.519360112999948, -5.422314473999961 ], [ -78.521336172999952, -5.420769572999973 ], [ -78.52159323799998, -5.420568598999978 ], [ -78.52216161299998, -5.419269348999933 ], [ -78.522770612999977, -5.416873848999955 ], [ -78.522689487999969, -5.414518848999933 ], [ -78.522680936999961, -5.413869297999952 ], [ -78.522648862999972, -5.411433098999964 ], [ -78.522148487999971, -5.408888723999951 ], [ -78.520492237999974, -5.406238223999935 ], [ -78.519951362999961, -5.404258098999946 ], [ -78.519190112999979, -5.402925848999928 ], [ -78.518619112999943, -5.401149473999965 ], [ -78.51840236299995, -5.399279348999926 ], [ -78.518580112999985, -5.398476598999935 ], [ -78.519570612999985, -5.396391473999927 ], [ -78.520207340999946, -5.39607313199997 ], [ -78.521346987999948, -5.395503348999966 ], [ -78.522679237999967, -5.394361348999951 ], [ -78.523499987999969, -5.392261723999979 ], [ -78.524458987999935, -5.389425723999977 ], [ -78.526205862999973, -5.387551723999934 ], [ -78.526422237999952, -5.38731947399998 ], [ -78.52737386299998, -5.384908848999942 ], [ -78.527808237999977, -5.383750598999939 ], [ -78.527944862999959, -5.383386223999935 ], [ -78.528706112999942, -5.382180848999951 ], [ -78.530292112999973, -5.38065834899993 ], [ -78.531243737999944, -5.37983372399998 ], [ -78.532449112999984, -5.378437848999965 ], [ -78.53402736299995, -5.37711322399997 ], [ -78.537207112999965, -5.374504598999977 ], [ -78.539046862999953, -5.372157348999963 ], [ -78.538863237999976, -5.370527348999929 ], [ -78.538602737999952, -5.369112223999934 ], [ -78.538919987999975, -5.367653098999938 ], [ -78.539376987999958, -5.366708973999948 ], [ -78.539871612999946, -5.365686473999972 ], [ -78.541330737999942, -5.364734848999944 ], [ -78.543648487999974, -5.363595723999936 ], [ -78.544165987999975, -5.363310598999931 ], [ -78.544394487999966, -5.363081973999954 ], [ -78.546119112999975, -5.36234372399997 ], [ -78.548699237999983, -5.361607473999925 ], [ -78.55042186299994, -5.360808598999938 ], [ -78.550826112999971, -5.360466848999977 ], [ -78.550943362999988, -5.360466848999977 ], [ -78.551224612999988, -5.360238223999943 ], [ -78.551314487999946, -5.36026759899994 ], [ -78.551628862999962, -5.360009723999951 ], [ -78.551689487999965, -5.359837848999973 ], [ -78.55209373799994, -5.359322223999925 ], [ -78.552206862999981, -5.358978473999969 ], [ -78.552894487999936, -5.358349598999951 ], [ -78.554716612999982, -5.356297223999945 ], [ -78.557507987999941, -5.352998348999961 ], [ -78.55998211299999, -5.34919197399995 ], [ -78.561316362999946, -5.347595723999973 ], [ -78.561573514999964, -5.347308727999973 ], [ -78.563978862999988, -5.344624223999972 ], [ -78.568498987999988, -5.341650473999948 ], [ -78.574525862999963, -5.338319848999959 ], [ -78.57864948799994, -5.335861598999941 ], [ -78.583169487999953, -5.331817223999963 ], [ -78.586975987999949, -5.327852223999969 ], [ -78.589811487999953, -5.324943598999937 ], [ -78.58987061299996, -5.324881848999951 ], [ -78.592872987999954, -5.321744098999943 ], [ -78.592956987999969, -5.32177347399994 ], [ -78.598077987999943, -5.316512348999936 ], [ -78.601441362999935, -5.313103473999945 ], [ -78.604492237999978, -5.309898473999965 ], [ -78.605240237999965, -5.30944134899994 ], [ -78.605803862999949, -5.30919447399998 ], [ -78.609658237999952, -5.307505848999938 ], [ -78.615444737999951, -5.306916973999932 ], [ -78.620519987999955, -5.306996348999974 ], [ -78.624326362999966, -5.306996348999974 ], [ -78.62615423799997, -5.306373098999927 ], [ -78.630470737999985, -5.30614847399994 ], [ -78.632288862999985, -5.306043473999978 ], [ -78.634193362999952, -5.305933598999957 ], [ -78.638441862999969, -5.305330973999958 ], [ -78.641570362999971, -5.303751973999965 ], [ -78.642737362999981, -5.302291348999972 ], [ -78.643378862999953, -5.301488223999968 ], [ -78.645455112999969, -5.298509723999928 ], [ -78.647542237999971, -5.29426634899994 ], [ -78.647664487999975, -5.294017848999943 ], [ -78.647994112999982, -5.293347598999958 ], [ -78.648386737999942, -5.291899723999961 ], [ -78.648498862999986, -5.291485723999926 ], [ -78.648549862999971, -5.291297598999961 ], [ -78.64867623799995, -5.290831098999945 ], [ -78.650093737999953, -5.285601598999961 ], [ -78.651306612999974, -5.281699223999965 ], [ -78.651314487999969, -5.281007848999934 ], [ -78.651595737999969, -5.280150348999939 ], [ -78.653335987999981, -5.275560598999959 ], [ -78.654425862999972, -5.274300723999943 ], [ -78.655640612999946, -5.273617223999963 ], [ -78.656543862999968, -5.27312534899994 ], [ -78.656990737999934, -5.272881973999972 ], [ -78.657110237999973, -5.27281684899998 ], [ -78.658050737999986, -5.27230472399998 ], [ -78.659672862999969, -5.271259598999961 ], [ -78.661438862999944, -5.270121723999978 ], [ -78.663108612999963, -5.269423848999963 ], [ -78.66459961299995, -5.268505848999951 ], [ -78.667227862999937, -5.26805984899994 ], [ -78.668812612999943, -5.267559223999967 ], [ -78.669296862999943, -5.267406223999956 ], [ -78.670385112999952, -5.267047973999979 ], [ -78.671316612999988, -5.266864723999959 ], [ -78.67146261299996, -5.266835973999946 ], [ -78.672522612999956, -5.266871348999928 ], [ -78.673352862999934, -5.267012598999941 ], [ -78.67400636299999, -5.267313098999978 ], [ -78.674624737999977, -5.268090098999949 ], [ -78.675119362999965, -5.268584848999978 ], [ -78.676055737999945, -5.268849848999935 ], [ -78.677010362999965, -5.269100223999942 ], [ -78.677133237999954, -5.269132473999946 ], [ -78.677471987999979, -5.269101973999966 ], [ -78.67868748799998, -5.268992223999931 ], [ -78.679464362999965, -5.268959223999957 ], [ -78.67995973799998, -5.268938223999953 ], [ -78.680648737999945, -5.268902848999971 ], [ -78.68195598799997, -5.26856722399998 ], [ -78.683404487999951, -5.267984223999974 ], [ -78.684244112999977, -5.267490223999971 ], [ -78.684976737999989, -5.266288223999936 ], [ -78.685206362999963, -5.265599473999941 ], [ -78.685204612999939, -5.265545348999979 ], [ -78.685170862999939, -5.264521848999948 ], [ -78.686050737999949, -5.261781223999947 ], [ -78.68715698799997, -5.258727973999953 ], [ -78.687916112999972, -5.256278223999971 ], [ -78.688431612999977, -5.254953098999977 ], [ -78.688337862999958, -5.253718723999953 ], [ -78.687804737999954, -5.251962848999938 ], [ -78.687408237999989, -5.250468723999973 ], [ -78.686777487999962, -5.247790473999942 ], [ -78.686515612999983, -5.245869098999947 ], [ -78.686210737999943, -5.24491672399995 ], [ -78.686113612999975, -5.244613098999935 ], [ -78.685429737999982, -5.242476598999929 ], [ -78.684672862999946, -5.24116609899994 ], [ -78.684086237999963, -5.239820473999941 ], [ -78.684086237999963, -5.239026723999928 ], [ -78.684474612999963, -5.238615223999943 ], [ -78.68529386299997, -5.237646723999944 ], [ -78.687778112999979, -5.235542098999929 ], [ -78.689054612999939, -5.234645098999977 ], [ -78.690169862999937, -5.233876973999941 ], [ -78.690910112999973, -5.233591848999936 ], [ -78.692343737999977, -5.233251973999927 ], [ -78.692993112999943, -5.232980223999959 ], [ -78.693407112999978, -5.232807098999956 ], [ -78.693552737999937, -5.232746098999939 ], [ -78.693988612999988, -5.231884848999925 ], [ -78.694368112999939, -5.230159723999975 ], [ -78.695092612999986, -5.228917598999942 ], [ -78.695782737999934, -5.227571973999943 ], [ -78.696507237999981, -5.22577784799995 ], [ -78.697310487999971, -5.223275347999959 ], [ -78.697428612999943, -5.222658222999939 ], [ -78.697749362999957, -5.220981972999937 ], [ -78.698163362999935, -5.218739222999943 ], [ -78.698887987999967, -5.21618609799998 ], [ -78.699301987999945, -5.214633472999935 ], [ -78.699336487999972, -5.213529347999952 ], [ -78.699681487999953, -5.212252722999949 ], [ -78.700440612999955, -5.211114097999939 ], [ -78.701130612999975, -5.210286097999926 ], [ -78.701889737999977, -5.209250972999939 ], [ -78.702441737999948, -5.208526472999949 ], [ -78.702988237999989, -5.207726597999965 ], [ -78.703097237999941, -5.206076722999967 ], [ -78.702880862999962, -5.205083972999944 ], [ -78.702959237999949, -5.204075597999974 ], [ -78.702614237999967, -5.202384972999937 ], [ -78.702510737999944, -5.200314722999963 ], [ -78.702338237999982, -5.198486097999933 ], [ -78.702648737999937, -5.19717497299996 ], [ -78.703316362999942, -5.195662097999957 ], [ -78.70440836299997, -5.194242347999932 ], [ -78.705132987999946, -5.193069097999967 ], [ -78.705408987999988, -5.191896097999972 ], [ -78.705547112999966, -5.188928847999932 ], [ -78.705926487999989, -5.187238222999952 ], [ -78.706133487999978, -5.18575459799996 ], [ -78.705822987999966, -5.184339847999979 ], [ -78.705633237999962, -5.184045847999926 ], [ -78.705132987999946, -5.183270347999951 ], [ -78.705132987999946, -5.182269847999976 ], [ -78.705477987999984, -5.180682722999961 ], [ -78.705960987999958, -5.180096097999979 ], [ -78.707496112999934, -5.179935597999929 ], [ -78.707558612999946, -5.179996097999947 ], [ -78.708359362999943, -5.180056597999965 ], [ -78.708701112999961, -5.179943347999938 ], [ -78.709113237999986, -5.179628847999936 ], [ -78.709110862999978, -5.178970472999936 ], [ -78.709107362999987, -5.17810547299996 ], [ -78.709238737999954, -5.176990847999946 ], [ -78.709411362999958, -5.174989722999953 ], [ -78.709549487999936, -5.17388559799997 ], [ -78.709376862999989, -5.17205697299994 ], [ -78.709514737999939, -5.16829622299997 ], [ -78.709687362999944, -5.165259972999934 ], [ -78.710066862999952, -5.162775722999925 ], [ -78.710170362999975, -5.160567472999958 ], [ -78.710515362999956, -5.159601472999952 ], [ -78.71089498799995, -5.156772222999962 ], [ -78.710860362999938, -5.155668222999964 ], [ -78.710482987999967, -5.154823722999936 ], [ -78.710210987999972, -5.154595722999943 ], [ -78.709421112999962, -5.154369722999945 ], [ -78.709376862999989, -5.154357097999934 ], [ -78.708238237999979, -5.153666972999929 ], [ -78.706371737999973, -5.150508472999945 ], [ -78.705831612999987, -5.149594597999965 ], [ -78.705497987999934, -5.145634722999944 ], [ -78.70531473799997, -5.144427722999978 ], [ -78.705139237999958, -5.143273097999952 ], [ -78.705100362999985, -5.143016097999975 ], [ -78.704773362999958, -5.14086322299994 ], [ -78.704310862999989, -5.137970597999981 ], [ -78.704164487999947, -5.137054847999934 ], [ -78.704101612999978, -5.136661472999947 ], [ -78.703872987999944, -5.135232472999974 ], [ -78.704089612999951, -5.132504347999941 ], [ -78.704046612999946, -5.130780347999973 ], [ -78.704175862999989, -5.128819472999965 ], [ -78.704283612999973, -5.125975097999969 ], [ -78.70421898799998, -5.124876097999959 ], [ -78.703938862999962, -5.123712472999955 ], [ -78.703658737999945, -5.123001347999946 ], [ -78.703555362999964, -5.122769347999963 ], [ -78.702870987999972, -5.121444347999955 ], [ -78.702226862999964, -5.119857472999968 ], [ -78.701614112999948, -5.11850622299994 ], [ -78.700765487999945, -5.116872222999973 ], [ -78.70046698799996, -5.115536722999934 ], [ -78.700498487999937, -5.114829597999972 ], [ -78.700514237999982, -5.113965472999951 ], [ -78.700482862999934, -5.113022972999943 ], [ -78.70054573799996, -5.11193872299998 ], [ -78.700577112999952, -5.11019472299995 ], [ -78.700577112999952, -5.109204847999933 ], [ -78.700529987999971, -5.108214972999974 ], [ -78.700419987999965, -5.106895222999981 ], [ -78.700577112999952, -5.10577959799997 ], [ -78.700687112999958, -5.104789847999939 ], [ -78.700624237999989, -5.104082722999976 ], [ -78.699552362999952, -5.103105847999927 ], [ -78.697925987999952, -5.102307847999953 ], [ -78.696821237999984, -5.101019097999938 ], [ -78.696115487999975, -5.099147222999932 ], [ -78.695961987999965, -5.097029722999935 ], [ -78.695501821999983, -5.093470744999934 ], [ -78.695501729999989, -5.093470041999979 ], [ -78.694673112999965, -5.092119847999925 ], [ -78.693384237999965, -5.09113784799996 ], [ -78.692064737999942, -5.090370722999978 ], [ -78.69120548799998, -5.089971722999962 ], [ -78.690284862999988, -5.089480722999951 ], [ -78.689025362999985, -5.089275347999944 ], [ -78.687522987999955, -5.089081847999978 ], [ -78.685559112999954, -5.088744222999935 ], [ -78.684208862999981, -5.088161222999929 ], [ -78.683410987999935, -5.087025722999954 ], [ -78.682398237999962, -5.084018472999958 ], [ -78.681876487999943, -5.082238597999947 ], [ -78.681661862999988, -5.080366722999941 ], [ -78.681569737999951, -5.078955097999938 ], [ -78.680894612999964, -5.077880972999935 ], [ -78.68028086299995, -5.07689897299997 ], [ -78.68012736299994, -5.076101097999981 ], [ -78.680310487999975, -5.075054722999937 ], [ -78.680741237999939, -5.073462097999936 ], [ -78.680618487999936, -5.072479972999929 ], [ -78.680199237999943, -5.072124972999973 ], [ -78.679466862999959, -5.072007847999942 ], [ -78.679209487999969, -5.072006472999931 ], [ -78.678040737999936, -5.071804972999928 ], [ -78.676352987999962, -5.071774222999977 ], [ -78.675125487999935, -5.071682222999925 ], [ -78.672996112999954, -5.071523472999957 ], [ -78.671289612999942, -5.071007097999939 ], [ -78.669663112999956, -5.070055847999981 ], [ -78.668251487999953, -5.068981722999979 ], [ -78.667511737999973, -5.067712847999928 ], [ -78.666966362999972, -5.067506597999966 ], [ -78.665856987999973, -5.067715972999963 ], [ -78.664517237999974, -5.068197472999941 ], [ -78.663322237999978, -5.068617222999933 ], [ -78.662361112999974, -5.068197472999941 ], [ -78.661607612999944, -5.067590347999953 ], [ -78.660895862999951, -5.067339222999976 ], [ -78.66010036299997, -5.067318347999958 ], [ -78.659074737999958, -5.067799722999951 ], [ -78.658509487999936, -5.067820722999954 ], [ -78.65771411299994, -5.067422972999964 ], [ -78.657023362999951, -5.065894847999971 ], [ -78.656693362999988, -5.064744097999949 ], [ -78.656416237999963, -5.063654972999927 ], [ -78.655955737999989, -5.06225259799993 ], [ -78.655432362999989, -5.061122222999927 ], [ -78.654532362999987, -5.059970847999978 ], [ -78.654528112999969, -5.05996734799993 ], [ -78.653694987999984, -5.059280097999931 ], [ -78.653150737999965, -5.058296222999957 ], [ -78.652501987999983, -5.057082097999967 ], [ -78.651794862999964, -5.055937472999972 ], [ -78.651451112999951, -5.055304722999949 ], [ -78.651054737999971, -5.054210972999954 ], [ -78.650874487999943, -5.053559847999963 ], [ -78.650829112999986, -5.053395972999965 ], [ -78.650534112999935, -5.052330472999927 ], [ -78.65049223799997, -5.050718597999946 ], [ -78.650579737999976, -5.049232097999948 ], [ -78.650596987999961, -5.048939347999976 ], [ -78.650178237999967, -5.047850847999939 ], [ -78.649633987999948, -5.047055347999958 ], [ -78.649502862999952, -5.046950347999939 ], [ -78.649110737999933, -5.046636722999949 ], [ -78.648671112999978, -5.046134347999953 ], [ -78.648859487999971, -5.045317972999953 ], [ -78.649006112999984, -5.044564347999938 ], [ -78.649006112999984, -5.043601472999967 ], [ -78.648461862999966, -5.042052472999956 ], [ -78.648189737999985, -5.040859222999927 ], [ -78.647456987999988, -5.039331222999976 ], [ -78.646556987999986, -5.038389222999967 ], [ -78.64527998799997, -5.037551847999964 ], [ -78.643783237999969, -5.037123097999938 ], [ -78.642058237999947, -5.036472222999976 ], [ -78.641785237999954, -5.036369097999966 ], [ -78.640842237999948, -5.035270222999941 ], [ -78.640841737999949, -5.035269472999971 ], [ -78.640528237999945, -5.034244472999944 ], [ -78.640465487999961, -5.032841972999961 ], [ -78.640695737999977, -5.031334722999929 ], [ -78.640967987999943, -5.029660222999951 ], [ -78.640946987999939, -5.028006597999934 ], [ -78.641185112999949, -5.026658347999955 ], [ -78.641180112999962, -5.026570722999963 ], [ -78.641748862999975, -5.025528097999938 ], [ -78.64272798799999, -5.024440222999942 ], [ -78.643054237999934, -5.022808472999941 ], [ -78.643489487999943, -5.02193822299995 ], [ -78.643271862999939, -5.020959222999977 ], [ -78.642945487999953, -5.019653722999976 ], [ -78.642401612999947, -5.01823959799998 ], [ -78.642510362999985, -5.016172722999954 ], [ -78.642183987999942, -5.013453097999957 ], [ -78.642945487999953, -5.010733472999959 ], [ -78.643271862999939, -5.008340347999933 ], [ -78.643054237999934, -5.007034847999932 ], [ -78.643054237999934, -5.00605584799996 ], [ -78.644577237999954, -5.004641597999978 ], [ -78.645773862999988, -5.002574722999952 ], [ -78.64718811299997, -5.001160597999956 ], [ -78.648493487999986, -4.999202472999968 ], [ -78.649037362999934, -4.997788347999972 ], [ -78.649798862999944, -4.994524722999927 ], [ -78.651213112999983, -4.992566722999925 ], [ -78.651756987999988, -4.991261222999981 ], [ -78.652844862999984, -4.988215347999926 ], [ -78.652083362999974, -4.986365972999977 ], [ -78.651539362999983, -4.982993722999936 ], [ -78.65164823799995, -4.980600472999981 ], [ -78.651434362999964, -4.97856909799998 ], [ -78.651577987999985, -4.978377597999952 ], [ -78.653548987999955, -4.977251222999939 ], [ -78.65566086299998, -4.977251222999939 ], [ -78.657209487999978, -4.977251222999939 ], [ -78.658617487999948, -4.977673597999967 ], [ -78.660166112999946, -4.977110472999925 ], [ -78.661855612999943, -4.977251222999939 ], [ -78.663826612999969, -4.977814472999967 ], [ -78.664952862999939, -4.979503847999979 ], [ -78.666219987999966, -4.979503847999979 ], [ -78.667768612999964, -4.97865909799998 ], [ -78.668754237999963, -4.977673597999967 ], [ -78.670584487999974, -4.975843347999955 ], [ -78.672555487999944, -4.974294722999957 ], [ -78.673118612999986, -4.972182847999932 ], [ -78.673963362999984, -4.969930222999949 ], [ -78.676215987999967, -4.969507972999963 ], [ -78.677905362999979, -4.969507972999963 ], [ -78.67832773799995, -4.968381597999951 ], [ -78.677342237999937, -4.966410597999925 ], [ -78.676638362999938, -4.964861847999941 ], [ -78.675511987999982, -4.963313222999943 ], [ -78.67382261299997, -4.962609347999944 ], [ -78.673118612999986, -4.961764597999945 ], [ -78.673118612999986, -4.959371222999948 ], [ -78.672555487999944, -4.957822472999965 ], [ -78.670725237999989, -4.956273847999967 ], [ -78.669317362999948, -4.954443597999955 ], [ -78.667346362999979, -4.953176472999928 ], [ -78.66650161299998, -4.952331722999929 ], [ -78.664843577999989, -4.951779086999977 ], [ -78.664812112999982, -4.951768597999944 ], [ -78.66298186299997, -4.949093597999934 ], [ -78.662559487999943, -4.945010722999939 ], [ -78.662277862999986, -4.941350222999972 ], [ -78.661433237999972, -4.938534472999947 ], [ -78.659602987999961, -4.936281847999965 ], [ -78.658758237999962, -4.93346609799994 ], [ -78.657913487999963, -4.930509597999958 ], [ -78.656505612999979, -4.928116222999961 ], [ -78.655520112999966, -4.926004347999935 ], [ -78.654534612999953, -4.923188597999967 ], [ -78.653548987999955, -4.921217597999942 ], [ -78.651155612999958, -4.919528097999944 ], [ -78.650717862999954, -4.919440597999937 ], [ -78.650041612999985, -4.919024472999979 ], [ -78.64864436299996, -4.915670972999976 ], [ -78.648271737999949, -4.912690097999928 ], [ -78.646501862999969, -4.909709222999936 ], [ -78.645104612999944, -4.907473597999967 ], [ -78.64473198799999, -4.904958472999965 ], [ -78.643986737999967, -4.90356122299994 ], [ -78.643707362999976, -4.900859847999925 ], [ -78.643055237999988, -4.898065222999946 ], [ -78.642589487999942, -4.895550097999944 ], [ -78.641285362999952, -4.893407597999953 ], [ -78.640726487999984, -4.891824097999972 ], [ -78.641005987999961, -4.889867847999938 ], [ -78.642216862999987, -4.888750097999946 ], [ -78.643893612999989, -4.888936347999959 ], [ -78.644825112999968, -4.887725347999947 ], [ -78.644638862999955, -4.885769222999954 ], [ -78.644545737999977, -4.883906097999954 ], [ -78.645756737999989, -4.881763597999964 ], [ -78.645663487999968, -4.87943484799996 ], [ -78.645942987999945, -4.877292347999969 ], [ -78.645384112999977, -4.874125222999965 ], [ -78.645384112999977, -4.870957972999975 ], [ -78.644918362999988, -4.868256597999959 ], [ -78.644452612999942, -4.866114097999969 ], [ -78.643986737999967, -4.862574347999953 ], [ -78.643986737999967, -4.860944222999933 ], [ -78.643800487999954, -4.858149597999954 ], [ -78.643055237999988, -4.856100222999942 ], [ -78.640726487999984, -4.854330347999962 ], [ -78.639515487999972, -4.852839972999959 ], [ -78.638397612999938, -4.852001597999958 ], [ -78.637372987999981, -4.851163222999958 ], [ -78.63625523799999, -4.849113847999945 ], [ -78.636161987999969, -4.84641247299993 ], [ -78.635789362999958, -4.843617972999937 ], [ -78.635323612999969, -4.841568597999981 ], [ -78.634019487999979, -4.839053472999979 ], [ -78.631876987999988, -4.836445222999942 ], [ -78.632808612999952, -4.834488972999964 ], [ -78.633926362999944, -4.83346434799995 ], [ -78.634764737999944, -4.832346472999973 ], [ -78.635882612999978, -4.830297222999945 ], [ -78.635975737999956, -4.828806722999957 ], [ -78.63625523799999, -4.826012222999964 ], [ -78.636068862999934, -4.823403972999927 ], [ -78.636441487999946, -4.820981972999959 ], [ -78.636814112999957, -4.819491597999956 ], [ -78.63700036299997, -4.817721722999977 ], [ -78.637652487999958, -4.815858597999977 ], [ -78.63877023799995, -4.814927097999941 ], [ -78.64016761299996, -4.813716097999929 ], [ -78.641285362999952, -4.811666847999959 ], [ -78.640633362999949, -4.809431097999948 ], [ -78.640540112999986, -4.807661222999968 ], [ -78.641378487999987, -4.806450222999956 ], [ -78.641523934999952, -4.806013904999929 ], [ -78.642123737999952, -4.80421459799993 ], [ -78.64193748799994, -4.802351597999973 ], [ -78.641285362999952, -4.799836472999971 ], [ -78.640260737999938, -4.797321347999969 ], [ -78.63886348799997, -4.795085722999943 ], [ -78.638118237999947, -4.793967972999951 ], [ -78.637186737999968, -4.791639097999962 ], [ -78.635975737999956, -4.790055472999939 ], [ -78.634671612999966, -4.788844597999969 ], [ -78.633553737999989, -4.786981472999969 ], [ -78.631224987999985, -4.784466347999967 ], [ -78.628802987999961, -4.782230722999941 ], [ -78.628244112999937, -4.78008822299995 ], [ -78.62666048799997, -4.77878409799996 ], [ -78.626008487999968, -4.777293722999957 ], [ -78.62535636299998, -4.775710097999934 ], [ -78.624331737999967, -4.774312847999965 ], [ -78.622934487999942, -4.77207722299994 ], [ -78.621816612999964, -4.77030734799996 ], [ -78.620791987999951, -4.768537472999981 ], [ -78.620698737999987, -4.767931972999975 ], [ -78.622096112999941, -4.767466222999929 ], [ -78.623772862999942, -4.767000472999939 ], [ -78.624797487999956, -4.765882597999962 ], [ -78.625542737999979, -4.76467159799995 ], [ -78.626194737999981, -4.76420584799996 ], [ -78.62712623799996, -4.763460597999938 ], [ -78.628057862999981, -4.762342847999946 ], [ -78.628244112999937, -4.760852347999958 ], [ -78.628709862999983, -4.759734597999966 ], [ -78.629175612999973, -4.758709847999967 ], [ -78.629920862999938, -4.758150972999942 ], [ -78.63113186299995, -4.757312597999942 ], [ -78.631411237999941, -4.755263222999929 ], [ -78.631318112999963, -4.753400222999971 ], [ -78.631504487999962, -4.751164597999946 ], [ -78.631411237999941, -4.749767347999978 ], [ -78.631318112999963, -4.747531597999966 ], [ -78.630666112999961, -4.745389097999976 ], [ -78.629920862999938, -4.743060347999972 ], [ -78.628896112999939, -4.74138359799997 ], [ -78.62852361299997, -4.740358972999957 ], [ -78.628268612999989, -4.739678972999968 ], [ -78.629934737999974, -4.73942909799996 ], [ -78.632859112999938, -4.739220222999961 ], [ -78.634791362999977, -4.739690222999968 ], [ -78.636044737999953, -4.740107972999965 ], [ -78.638160112999969, -4.740419972999973 ], [ -78.640396487999965, -4.739851597999973 ], [ -78.641576112999985, -4.738503972999979 ], [ -78.643669112999987, -4.737444472999925 ], [ -78.644661362999955, -4.736452347999943 ], [ -78.645026862999941, -4.734833472999981 ], [ -78.644817987999943, -4.732222347999937 ], [ -78.644452487999956, -4.72966347299996 ], [ -78.644243612999958, -4.726060097999948 ], [ -78.643697237999959, -4.723328222999953 ], [ -78.643616862999977, -4.722926847999929 ], [ -78.643512362999957, -4.719271222999964 ], [ -78.643517487999986, -4.71922047299995 ], [ -78.643721362999941, -4.717182347999938 ], [ -78.642833612999937, -4.715302347999966 ], [ -78.642718112999944, -4.714961597999945 ], [ -78.641789112999959, -4.712221222999972 ], [ -78.641319112999952, -4.710706847999973 ], [ -78.641105612999979, -4.709354722999933 ], [ -78.640677737999965, -4.707706972999972 ], [ -78.640396487999965, -4.707013722999932 ], [ -78.639999987999943, -4.705228472999977 ], [ -78.639435487999947, -4.704078097999968 ], [ -78.638499112999966, -4.702768972999934 ], [ -78.637506862999942, -4.702037847999975 ], [ -78.635940237999989, -4.701150097999971 ], [ -78.634164737999981, -4.700993472999926 ], [ -78.63275473799996, -4.700941222999973 ], [ -78.631919112999981, -4.700001222999958 ], [ -78.631710237999982, -4.698434597999949 ], [ -78.632441362999941, -4.69592784799994 ], [ -78.633224737999967, -4.694308972999977 ], [ -78.633621112999947, -4.692857597999932 ], [ -78.633917987999951, -4.689796847999958 ], [ -78.634843612999987, -4.688460222999936 ], [ -78.635365737999962, -4.686788972999977 ], [ -78.635783612999944, -4.685378972999956 ], [ -78.637089112999945, -4.68464784799994 ], [ -78.638700362999941, -4.684932222999976 ], [ -78.63981298799996, -4.684811972999967 ], [ -78.640467612999942, -4.684557347999942 ], [ -78.641231362999974, -4.684157347999928 ], [ -78.642140487999939, -4.683502597999961 ], [ -78.643049737999945, -4.68277534799995 ], [ -78.643631612999968, -4.682156972999962 ], [ -78.643740737999963, -4.681320597999957 ], [ -78.643736612999987, -4.681234347999975 ], [ -78.64368223799994, -4.681090222999956 ], [ -78.642376612999954, -4.678740222999977 ], [ -78.641854237999951, -4.677042972999971 ], [ -78.641854237999951, -4.674301347999972 ], [ -78.642376612999954, -4.668295722999972 ], [ -78.641462737999973, -4.665358222999942 ], [ -78.640287737999984, -4.663269347999972 ], [ -78.639243362999935, -4.660658222999928 ], [ -78.637937737999948, -4.657981847999963 ], [ -78.637872487999971, -4.656415222999954 ], [ -78.638786362999952, -4.655305472999942 ], [ -78.640809987999944, -4.654456847999938 ], [ -78.643094737999945, -4.652890222999929 ], [ -78.645339737999961, -4.651589847999958 ], [ -78.646066237999946, -4.65089672299996 ], [ -78.646660112999939, -4.650330097999927 ], [ -78.649687737999955, -4.646623472999977 ], [ -78.651722612999947, -4.646183597999936 ], [ -78.653082237999968, -4.64668884799994 ], [ -78.654525362999948, -4.647365222999952 ], [ -78.656868237999959, -4.648647097999969 ], [ -78.659209112999974, -4.651406222999981 ], [ -78.661269487999959, -4.653253972999948 ], [ -78.662547487999973, -4.655109597999967 ], [ -78.66378773799994, -4.656023472999948 ], [ -78.665028112999948, -4.655827722999959 ], [ -78.66770448799997, -4.654522097999973 ], [ -78.669989237999971, -4.652563847999943 ], [ -78.672050737999939, -4.650988222999956 ], [ -78.673835987999951, -4.649787097999933 ], [ -78.673954987999934, -4.649747847999947 ], [ -78.67463498799998, -4.64928297299997 ], [ -78.675697237999941, -4.648556597999971 ], [ -78.678409987999942, -4.647341597999969 ], [ -78.679976737999937, -4.645122097999945 ], [ -78.679954237999937, -4.643322597999941 ], [ -78.680522612999937, -4.642275597999969 ], [ -78.681763612999987, -4.642048847999945 ], [ -78.684974612999952, -4.642863222999949 ], [ -78.686765612999977, -4.643294347999927 ], [ -78.688187487999983, -4.642874972999948 ], [ -78.689443112999982, -4.641849972999978 ], [ -78.690048737999973, -4.641355472999976 ], [ -78.69224898799996, -4.639965222999933 ], [ -78.693684987999973, -4.638529097999935 ], [ -78.695382237999979, -4.63696234799994 ], [ -78.696753112999943, -4.634351222999953 ], [ -78.696929737999938, -4.632839847999946 ], [ -78.698173862999965, -4.629650347999927 ], [ -78.700343237999959, -4.627692972999967 ], [ -78.701648987999988, -4.626256847999969 ], [ -78.703150362999963, -4.62560409799994 ], [ -78.70505411299996, -4.624599847999946 ], [ -78.705955112999959, -4.623873097999933 ], [ -78.70599823799995, -4.622928222999974 ], [ -78.705792362999944, -4.622050722999973 ], [ -78.704941362999989, -4.62003909799995 ], [ -78.704890237999962, -4.619942847999937 ], [ -78.703539237999962, -4.617715972999974 ], [ -78.703172112999937, -4.617110847999925 ], [ -78.70315398799994, -4.617080847999944 ], [ -78.702558237999938, -4.616098847999979 ], [ -78.702220112999953, -4.615705472999934 ], [ -78.701857237999945, -4.615283222999949 ], [ -78.701538737999954, -4.614912722999975 ], [ -78.699121862999959, -4.61210097299994 ], [ -78.697190237999962, -4.609181097999965 ], [ -78.695618112999966, -4.60745172299994 ], [ -78.694472612999959, -4.606755472999964 ], [ -78.693012737999936, -4.606283847999975 ], [ -78.691194487999951, -4.605096347999961 ], [ -78.689711112999987, -4.604127597999934 ], [ -78.688607237999975, -4.602851222999959 ], [ -78.687554987999988, -4.601634597999976 ], [ -78.686409487999981, -4.601028222999958 ], [ -78.684769862999985, -4.600601472999927 ], [ -78.683092237999972, -4.600031097999931 ], [ -78.682523862999972, -4.599837847999936 ], [ -78.681647987999952, -4.598827097999958 ], [ -78.681266112999936, -4.596873097999946 ], [ -78.680547487999945, -4.595031347999964 ], [ -78.678278987999988, -4.59370622299997 ], [ -78.676684362999936, -4.592470972999934 ], [ -78.675231737999979, -4.592112347999944 ], [ -78.674865112999953, -4.592021722999959 ], [ -78.673831987999961, -4.592313722999961 ], [ -78.673163612999986, -4.592856722999954 ], [ -78.672473112999967, -4.593418097999972 ], [ -78.670107362999943, -4.594106722999925 ], [ -78.668218237999952, -4.594110097999931 ], [ -78.667352237999978, -4.593627597999955 ], [ -78.665255987999956, -4.592459722999934 ], [ -78.663579862999939, -4.590991222999946 ], [ -78.662989737999965, -4.589043597999932 ], [ -78.662724112999967, -4.587774597999953 ], [ -78.661901987999954, -4.586560222999935 ], [ -78.660805987999936, -4.586063097999954 ], [ -78.659182987999941, -4.585944972999926 ], [ -78.658526862999963, -4.585898097999973 ], [ -78.657117237999955, -4.585797472999957 ], [ -78.656320612999934, -4.58553184799996 ], [ -78.655818862999979, -4.584882597999979 ], [ -78.65578936299994, -4.583820347999961 ], [ -78.656054862999952, -4.582256222999945 ], [ -78.656704112999989, -4.581400472999974 ], [ -78.658218487999989, -4.580211597999948 ], [ -78.659743612999989, -4.579039722999937 ], [ -78.660422362999952, -4.577387097999974 ], [ -78.661038112999961, -4.574774972999933 ], [ -78.662021737999964, -4.57224572299998 ], [ -78.662860237999951, -4.570089597999925 ], [ -78.662680612999964, -4.568951597999956 ], [ -78.661871987999973, -4.567933472999925 ], [ -78.659865612999965, -4.566675722999946 ], [ -78.65789061299995, -4.565134722999971 ], [ -78.657027362999941, -4.564097597999933 ], [ -78.656733737999957, -4.562806472999966 ], [ -78.65657148799994, -4.562093847999961 ], [ -78.657140487999982, -4.558979472999965 ], [ -78.658218487999989, -4.556224347999944 ], [ -78.660384862999933, -4.553986347999967 ], [ -78.660585362999939, -4.553351347999978 ], [ -78.660718862999943, -4.55231234799993 ], [ -78.658547987999953, -4.54858797299994 ], [ -78.658757487999935, -4.546821097999953 ], [ -78.659405987999946, -4.545377347999931 ], [ -78.659956987999976, -4.54415034799996 ], [ -78.662051737999946, -4.540382597999951 ], [ -78.662680612999964, -4.538675722999926 ], [ -78.662680612999964, -4.536908847999939 ], [ -78.662051737999946, -4.533584722999933 ], [ -78.661123362999945, -4.53008097299994 ], [ -78.659506237999949, -4.527325847999975 ], [ -78.656313737999938, -4.524893597999949 ], [ -78.652813237999965, -4.519566722999969 ], [ -78.652262112999949, -4.51872809799994 ], [ -78.650010112999951, -4.516572097999926 ], [ -78.649674737999987, -4.514751222999962 ], [ -78.649027862999958, -4.513793097999951 ], [ -78.647830112999941, -4.511445222999953 ], [ -78.647734237999941, -4.510822347999977 ], [ -78.647901987999944, -4.509935972999926 ], [ -78.647523487999933, -4.508970722999948 ], [ -78.646607487999972, -4.50821872299997 ], [ -78.645990487999939, -4.507996722999962 ], [ -78.645246112999985, -4.507728847999942 ], [ -78.643080987999952, -4.506344597999941 ], [ -78.64189386299995, -4.505138597999974 ], [ -78.638941862999957, -4.502006097999981 ], [ -78.638670112999989, -4.501789597999959 ], [ -78.637567737999973, -4.500911472999974 ], [ -78.635750237999957, -4.500882472999933 ], [ -78.638004487999979, -4.497421847999931 ], [ -78.638497112999971, -4.495771847999947 ], [ -78.638472487999934, -4.493235222999942 ], [ -78.63815211299999, -4.491043347999948 ], [ -78.63770961299997, -4.489914847999955 ], [ -78.637673612999947, -4.489783222999961 ], [ -78.637432237999974, -4.488479722999955 ], [ -78.637807487999964, -4.487546097999939 ], [ -78.638767987999984, -4.485157472999958 ], [ -78.638373987999955, -4.482990222999945 ], [ -78.637511987999972, -4.480527472999938 ], [ -78.637414237999963, -4.478212597999971 ], [ -78.636699237999949, -4.477104347999955 ], [ -78.635320237999963, -4.475996097999939 ], [ -78.634581362999938, -4.475503472999947 ], [ -78.634236487999942, -4.474764722999964 ], [ -78.634433612999942, -4.471735472999967 ], [ -78.634113487999969, -4.470430222999937 ], [ -78.633940987999949, -4.469100347999927 ], [ -78.634482987999945, -4.467081097999937 ], [ -78.634654237999939, -4.46567684799993 ], [ -78.634481237999978, -4.464015222999933 ], [ -78.633823487999962, -4.462872722999975 ], [ -78.632646487999978, -4.461764972999958 ], [ -78.631946237999955, -4.461121097999978 ], [ -78.630430737999973, -4.460414847999971 ], [ -78.62911523799994, -4.459480097999972 ], [ -78.628824612999949, -4.45929009799994 ], [ -78.628215237999939, -4.45889159799998 ], [ -78.627611737999985, -4.458215097999926 ], [ -78.627119237999977, -4.456540472999961 ], [ -78.625789362999967, -4.454176222999934 ], [ -78.623534112999948, -4.449461347999943 ], [ -78.623351237999941, -4.448388722999937 ], [ -78.62298186299995, -4.446221597999966 ], [ -78.622957237999969, -4.445458222999946 ], [ -78.623523612999975, -4.444374472999925 ], [ -78.623720737999975, -4.44311847299997 ], [ -78.623228112999982, -4.441739347999942 ], [ -78.62243998799994, -4.440458722999949 ], [ -78.621356487999947, -4.439424347999932 ], [ -78.62098698799997, -4.438857972999926 ], [ -78.620568362999961, -4.437626597999952 ], [ -78.619888612999944, -4.436785097999973 ], [ -78.618349612999964, -4.436653222999951 ], [ -78.61732498799995, -4.436811472999977 ], [ -78.616426612999987, -4.437511472999972 ], [ -78.61639073799995, -4.437525222999966 ], [ -78.615315487999965, -4.43793459799997 ], [ -78.614133237999965, -4.437796597999977 ], [ -78.613226987999951, -4.437264597999956 ], [ -78.61189498799996, -4.436788347999936 ], [ -78.609700237999959, -4.436003722999942 ], [ -78.60914048799998, -4.435308222999936 ], [ -78.60820298799996, -4.434742722999943 ], [ -78.606961737999939, -4.433994097999971 ], [ -78.605097237999985, -4.432190972999933 ], [ -78.603294862999974, -4.431330097999933 ], [ -78.60187861299994, -4.430073347999951 ], [ -78.600873862999947, -4.428832222999972 ], [ -78.600361612999961, -4.427531847999944 ], [ -78.600263237999968, -4.42514797299998 ], [ -78.600389612999948, -4.423355722999929 ], [ -78.600486612999987, -4.421983347999969 ], [ -78.600578112999983, -4.42068747299993 ], [ -78.60126773799999, -4.417385347999925 ], [ -78.601882862999958, -4.415665972999932 ], [ -78.602548487999968, -4.413464722999947 ], [ -78.602568237999947, -4.411376347999976 ], [ -78.602653612999973, -4.411215097999957 ], [ -78.602745487999982, -4.411041347999969 ], [ -78.603100112999982, -4.410982222999962 ], [ -78.603967112999953, -4.411652097999934 ], [ -78.60489298799996, -4.412164347999976 ], [ -78.606015987999967, -4.412597847999962 ], [ -78.606804112999953, -4.412715972999933 ], [ -78.611374987999966, -4.414292222999961 ], [ -78.612260737999975, -4.414421597999933 ], [ -78.614881862999937, -4.414193722999926 ], [ -78.616694487999951, -4.41403609799994 ], [ -78.620339362999971, -4.414095222999947 ], [ -78.621856362999949, -4.41446947299994 ], [ -78.622467112999971, -4.414981722999926 ], [ -78.62309761299997, -4.416262347999975 ], [ -78.623615487999984, -4.416902972999935 ], [ -78.62384136299994, -4.417182347999926 ], [ -78.624674862999939, -4.418213222999952 ], [ -78.625785112999949, -4.418470722999928 ], [ -78.628504237999948, -4.416905597999971 ], [ -78.630430362999959, -4.41607197299993 ], [ -78.631751987999962, -4.415499972999953 ], [ -78.633586987999934, -4.415404347999925 ], [ -78.63409373799999, -4.415164097999934 ], [ -78.634078112999987, -4.413238222999951 ], [ -78.634888612999987, -4.410769472999959 ], [ -78.635895362999975, -4.408294847999969 ], [ -78.63680723799996, -4.406817597999975 ], [ -78.637266612999952, -4.40607334799995 ], [ -78.640461612999957, -4.40205672299993 ], [ -78.641128862999949, -4.400931597999943 ], [ -78.64117523799996, -4.399304847999929 ], [ -78.641177487999983, -4.399224347999962 ], [ -78.641204737999942, -4.398268472999973 ], [ -78.640954862999934, -4.396612597999933 ], [ -78.639945987999965, -4.394582722999928 ], [ -78.63919886299999, -4.392014097999947 ], [ -78.639069487999961, -4.389669847999926 ], [ -78.638907487999973, -4.386735722999958 ], [ -78.638825112999939, -4.385242472999948 ], [ -78.63864173799999, -4.381573972999945 ], [ -78.638566362999939, -4.379863222999973 ], [ -78.639345112999933, -4.378382597999973 ], [ -78.640048362999948, -4.375948472999937 ], [ -78.640879987999938, -4.37263322299998 ], [ -78.642421112999955, -4.368617097999959 ], [ -78.644516112999952, -4.364907972999958 ], [ -78.647080237999944, -4.361884597999961 ], [ -78.648919362999948, -4.359125847999962 ], [ -78.649460237999961, -4.356475347999947 ], [ -78.650487987999952, -4.353986972999962 ], [ -78.650758487999951, -4.351823472999968 ], [ -78.649444362999986, -4.34948097299997 ], [ -78.648700487999974, -4.348469347999981 ], [ -78.647953237999957, -4.34745309799996 ], [ -78.647544862999951, -4.346062472999961 ], [ -78.648022112999968, -4.344421472999954 ], [ -78.648811112999965, -4.341708347999941 ], [ -78.64941786299994, -4.340518972999973 ], [ -78.65059748799996, -4.339853472999948 ], [ -78.651623987999983, -4.339274222999961 ], [ -78.652435362999938, -4.336894222999945 ], [ -78.652615862999937, -4.334840222999958 ], [ -78.65230636299998, -4.332738597999935 ], [ -78.652272987999936, -4.332512722999979 ], [ -78.651191237999967, -4.330781847999958 ], [ -78.649081612999964, -4.327914972999963 ], [ -78.647188362999941, -4.32602172299994 ], [ -78.646106612999972, -4.325048097999968 ], [ -78.645950737999954, -4.324319472999946 ], [ -78.645831362999957, -4.323482597999941 ], [ -78.646249612999952, -4.321838722999928 ], [ -78.645861112999967, -4.31998559799996 ], [ -78.645323112999961, -4.318281972999955 ], [ -78.645619737999937, -4.316068722999944 ], [ -78.644429862999971, -4.313093847999937 ], [ -78.641616987999953, -4.309972972999958 ], [ -78.640899612999988, -4.308119847999933 ], [ -78.64083986299994, -4.307013972999925 ], [ -78.640625987999954, -4.306101097999942 ], [ -78.639853487999972, -4.305011472999979 ], [ -78.638179737999963, -4.302650222999944 ], [ -78.636446237999962, -4.301424847999954 ], [ -78.634204612999952, -4.300199472999964 ], [ -78.630498362999958, -4.298884347999945 ], [ -78.628866237999944, -4.29821222299995 ], [ -78.627389862999962, -4.297031222999976 ], [ -78.626343862999988, -4.296194347999972 ], [ -78.624952987999961, -4.295573472999934 ], [ -78.621442237999986, -4.295028722999973 ], [ -78.619708612999943, -4.29475972299997 ], [ -78.618244112999946, -4.294221722999964 ], [ -78.617586612999958, -4.293235347999939 ], [ -78.617407237999942, -4.292039722999959 ], [ -78.617855612999961, -4.290336097999955 ], [ -78.617975112999943, -4.288512972999968 ], [ -78.617855612999961, -4.287317472999973 ], [ -78.617554737999967, -4.286134722999975 ], [ -78.616521487999989, -4.285269472999971 ], [ -78.615016112999967, -4.284418347999974 ], [ -78.613940237999941, -4.283521597999936 ], [ -78.613785237999934, -4.282501347999926 ], [ -78.613543362999962, -4.280909222999981 ], [ -78.613083862999986, -4.279060597999944 ], [ -78.613110612999947, -4.277068722999957 ], [ -78.613066487999959, -4.275435597999945 ], [ -78.613056487999984, -4.275067222999951 ], [ -78.612480737999988, -4.274308472999962 ], [ -78.611866487999976, -4.273498597999946 ], [ -78.610838737999984, -4.272038097999939 ], [ -78.61081048799997, -4.271678222999981 ], [ -78.610712237999962, -4.270430472999976 ], [ -78.61085623799994, -4.269736347999981 ], [ -78.611040987999957, -4.268846347999954 ], [ -78.610861487999955, -4.267262347999974 ], [ -78.609964987999945, -4.266515097999957 ], [ -78.607482362999974, -4.266136222999933 ], [ -78.607366112999955, -4.266041347999931 ], [ -78.606363612999985, -4.265223722999963 ], [ -78.605123112999934, -4.262211097999966 ], [ -78.604286237999986, -4.260178722999967 ], [ -78.603492237999944, -4.259365222999975 ], [ -78.601890612999966, -4.259246097999949 ], [ -78.599982237999939, -4.258893472999944 ], [ -78.599090612999987, -4.258464472999947 ], [ -78.598772862999965, -4.258254597999951 ], [ -78.598632987999963, -4.258082972999944 ], [ -78.59854398799996, -4.257924097999933 ], [ -78.598503862999962, -4.257820347999939 ], [ -78.598667112999976, -4.257668097999954 ], [ -78.599690112999951, -4.256808597999964 ], [ -78.601715737999939, -4.256203597999956 ], [ -78.602229362999935, -4.255510847999972 ], [ -78.602530237999986, -4.255105097999945 ], [ -78.602522737999948, -4.254021722999937 ], [ -78.601865237999959, -4.252497347999963 ], [ -78.601476612999988, -4.251331972999935 ], [ -78.601835362999964, -4.24998672299995 ], [ -78.602761612999984, -4.249436097999933 ], [ -78.604490862999967, -4.248407972999928 ], [ -78.606019737999986, -4.247206972999948 ], [ -78.60616923799995, -4.246071222999944 ], [ -78.605930112999943, -4.242753722999964 ], [ -78.605989862999934, -4.240930472999935 ], [ -78.606185487999937, -4.24045334799996 ], [ -78.606462112999964, -4.239778972999943 ], [ -78.607031737999989, -4.238882222999962 ], [ -78.608141862999958, -4.23713472299994 ], [ -78.60888898799999, -4.233936597999957 ], [ -78.608927487999949, -4.22933672299996 ], [ -78.608928237999976, -4.229252472999974 ], [ -78.608954737999966, -4.226094222999961 ], [ -78.608743862999972, -4.225091222999936 ], [ -78.607736362999958, -4.220296722999933 ], [ -78.607096862999981, -4.219183972999929 ], [ -78.606148487999974, -4.217533222999975 ], [ -78.605124737999972, -4.215929597999946 ], [ -78.60511586299998, -4.215915722999966 ], [ -78.604558487999952, -4.215042722999954 ], [ -78.604174612999941, -4.21444134799998 ], [ -78.603680237999981, -4.213667097999974 ], [ -78.602044612999975, -4.211699597999939 ], [ -78.599982237999939, -4.209218847999978 ], [ -78.598336112999959, -4.207906597999965 ], [ -78.59626461299996, -4.207658597999966 ], [ -78.59390273799994, -4.208062472999927 ], [ -78.593334487999982, -4.207783097999936 ], [ -78.592772112999967, -4.207506722999938 ], [ -78.591311612999959, -4.205775722999931 ], [ -78.589418362999936, -4.203341597999952 ], [ -78.587200612999936, -4.202043472999947 ], [ -78.586543112999948, -4.201664347999952 ], [ -78.585068612999976, -4.200813972999981 ], [ -78.583448737999959, -4.20014697299996 ], [ -78.582511737999937, -4.199892847999934 ], [ -78.580891862999977, -4.199178097999948 ], [ -78.578708237999933, -4.197770222999964 ], [ -78.577788737999981, -4.196417847999953 ], [ -78.577281237999955, -4.195548972999973 ], [ -78.577518237999982, -4.194470597999953 ], [ -78.577788737999981, -4.192955972999926 ], [ -78.578049237999949, -4.192047597999931 ], [ -78.577556862999984, -4.190777097999955 ], [ -78.577302737999958, -4.189998972999945 ], [ -78.577359487999956, -4.188965222999968 ], [ -78.577683862999947, -4.187457972999937 ], [ -78.578176112999984, -4.185171097999955 ], [ -78.578747987999975, -4.181661597999948 ], [ -78.578636737999943, -4.180660972999931 ], [ -78.57812861299999, -4.179549347999966 ], [ -78.576921612999968, -4.17794534799998 ], [ -78.575905237999962, -4.176341222999952 ], [ -78.57523823799994, -4.175070972999947 ], [ -78.574698237999939, -4.173609847999955 ], [ -78.574572612999987, -4.172496722999938 ], [ -78.574374112999976, -4.170737847999931 ], [ -78.574585987999967, -4.167960472999937 ], [ -78.575079487999972, -4.165621722999958 ], [ -78.575571737999951, -4.16390647299994 ], [ -78.576540487999978, -4.161905472999933 ], [ -78.577415987999984, -4.159509722999928 ], [ -78.577586862999965, -4.157945722999955 ], [ -78.577382237999984, -4.154997222999953 ], [ -78.577540862999967, -4.154298472999926 ], [ -78.578239737999979, -4.153123347999951 ], [ -78.579495862999977, -4.151457596999933 ], [ -78.580100862999984, -4.149256596999976 ], [ -78.58019311299995, -4.146913971999936 ], [ -78.579411487999948, -4.143516096999974 ], [ -78.578431612999964, -4.142222596999943 ], [ -78.578816487999973, -4.141352471999937 ], [ -78.580367862999935, -4.14038672199996 ], [ -78.581056737999972, -4.13898747199994 ], [ -78.581316362999985, -4.138140596999961 ], [ -78.581322237999984, -4.135498096999925 ], [ -78.581154362999939, -4.134865221999974 ], [ -78.580122987999971, -4.133367221999947 ], [ -78.579841862999956, -4.132619096999974 ], [ -78.579673862999982, -4.131353471999944 ], [ -78.579390612999987, -4.130490221999935 ], [ -78.577683862999947, -4.126713221999978 ], [ -78.576302237999982, -4.123235346999934 ], [ -78.575927987999989, -4.122731471999941 ], [ -78.575063612999941, -4.121567846999938 ], [ -78.574002237999935, -4.119445346999953 ], [ -78.573221362999959, -4.11761347199996 ], [ -78.572856112999943, -4.116549471999974 ], [ -78.572082737999949, -4.114950971999974 ], [ -78.571633237999947, -4.11272209699996 ], [ -78.571252112999957, -4.110832096999957 ], [ -78.56969573799995, -4.108005471999945 ], [ -78.56925111299995, -4.106655596999929 ], [ -78.56880648799995, -4.103971721999926 ], [ -78.568345737999948, -4.102288346999956 ], [ -78.567924862999973, -4.101512596999953 ], [ -78.567742362999979, -4.101176596999949 ], [ -78.566619862999971, -4.100369471999954 ], [ -78.565767112999936, -4.100237596999932 ], [ -78.564137487999972, -4.099985596999943 ], [ -78.562866987999939, -4.099636221999958 ], [ -78.562263737999956, -4.098964971999976 ], [ -78.56196173799998, -4.09782559699994 ], [ -78.561612362999938, -4.09650759699997 ], [ -78.561056487999963, -4.095395971999949 ], [ -78.560082112999964, -4.094205971999941 ], [ -78.560035112999969, -4.094165971999928 ], [ -78.559699237999951, -4.093646471999932 ], [ -78.558845737999945, -4.091806721999944 ], [ -78.558501987999989, -4.090712846999963 ], [ -78.557648487999984, -4.089216846999932 ], [ -78.556624987999953, -4.08806459699997 ], [ -78.555763737999939, -4.087542971999937 ], [ -78.554587737999952, -4.087054971999976 ], [ -78.554511737999974, -4.087023471999942 ], [ -78.553370112999971, -4.086550096999929 ], [ -78.551593237999953, -4.085801471999957 ], [ -78.550478737999981, -4.084734971999978 ], [ -78.549599612999941, -4.08361722199993 ], [ -78.549071862999938, -4.08276709699993 ], [ -78.548304112999972, -4.081944721999946 ], [ -78.547240112999987, -4.081293596999956 ], [ -78.546700112999986, -4.080451971999935 ], [ -78.546160112999985, -4.078482721999933 ], [ -78.545477237999989, -4.077323346999947 ], [ -78.544429112999978, -4.076386346999925 ], [ -78.543063362999987, -4.075036471999965 ], [ -78.542051987999969, -4.074594721999972 ], [ -78.541427612999939, -4.074321846999965 ], [ -78.54079236299998, -4.073877221999965 ], [ -78.540681237999934, -4.073273721999954 ], [ -78.54075861299998, -4.072058596999966 ], [ -78.54079236299998, -4.071526846999973 ], [ -78.540697987999977, -4.070622346999926 ], [ -78.539879237999969, -4.067121596999925 ], [ -78.539455737999958, -4.065794721999964 ], [ -78.539032237999947, -4.064975971999957 ], [ -78.538686487999939, -4.063980971999968 ], [ -78.538162237999984, -4.06341697199997 ], [ -78.537917612999934, -4.063153971999952 ], [ -78.537564112999974, -4.062773721999974 ], [ -78.537225362999948, -4.061587971999927 ], [ -78.537386862999938, -4.061088846999951 ], [ -78.53753586299996, -4.060628096999949 ], [ -78.53925198799999, -4.059503971999959 ], [ -78.542115487999979, -4.058765971999946 ], [ -78.543435487999943, -4.058425721999924 ], [ -78.546513987999958, -4.05766359699993 ], [ -78.549458487999971, -4.055756846999941 ], [ -78.550634612999943, -4.054372971999953 ], [ -78.551679737999962, -4.053935596999963 ], [ -78.552690112999983, -4.053669721999938 ], [ -78.555124237999962, -4.05231747199997 ], [ -78.558851737999987, -4.050746596999943 ], [ -78.561392612999953, -4.050379471999975 ], [ -78.562634862999971, -4.049814846999936 ], [ -78.564272487999972, -4.048177346999978 ], [ -78.566192237999985, -4.046963346999974 ], [ -78.566729112999951, -4.046391846999938 ], [ -78.567067487999964, -4.046031721999952 ], [ -78.567688612999973, -4.045099971999946 ], [ -78.567794237999976, -4.043988971999966 ], [ -78.567759237999951, -4.042629596999973 ], [ -78.567719362999981, -4.041092221999975 ], [ -78.56782836299999, -4.039974971999925 ], [ -78.568505612999957, -4.038969596999948 ], [ -78.569256862999964, -4.03825209699994 ], [ -78.56970161299995, -4.037412221999944 ], [ -78.569724237999935, -4.03664422199995 ], [ -78.569475737999937, -4.035176096999976 ], [ -78.569015112999978, -4.033882846999973 ], [ -78.56888848799997, -4.033527346999961 ], [ -78.568031987999973, -4.032374721999929 ], [ -78.567262237999955, -4.031042846999981 ], [ -78.566798362999975, -4.029266471999961 ], [ -78.566313612999977, -4.028355096999974 ], [ -78.565545737999969, -4.026457846999961 ], [ -78.565206987999943, -4.024086221999937 ], [ -78.56491336299996, -4.022934346999932 ], [ -78.565093987999944, -4.022279346999937 ], [ -78.56541023799997, -4.021601721999957 ], [ -78.565500612999983, -4.020653096999979 ], [ -78.565028987999938, -4.018402846999948 ], [ -78.565161737999972, -4.016994221999937 ], [ -78.565387612999984, -4.015706721999948 ], [ -78.565130737999937, -4.01510684699997 ], [ -78.56430348799995, -4.014509721999957 ], [ -78.56380661299994, -4.013764346999949 ], [ -78.563755737999941, -4.012732846999938 ], [ -78.563721987999941, -4.012047596999935 ], [ -78.563942112999939, -4.010534471999961 ], [ -78.563896987999954, -4.009721346999925 ], [ -78.563782362999973, -4.00940972199993 ], [ -78.563332237999987, -4.00818547199998 ], [ -78.564167987999951, -4.005836596999927 ], [ -78.564280862999965, -4.004865346999964 ], [ -78.564112487999978, -4.004493221999951 ], [ -78.563851737999983, -4.003916721999929 ], [ -78.562993487999961, -4.00296809699995 ], [ -78.562492237999948, -4.001658221999946 ], [ -78.562470862999987, -4.00160259699993 ], [ -78.562359237999942, -4.00131122199997 ], [ -78.562790237999934, -4.000348096999971 ], [ -78.563354862999972, -3.999805971999933 ], [ -78.56541023799997, -3.998721846999956 ], [ -78.565542612999934, -3.998443846999976 ], [ -78.565861987999938, -3.997773221999978 ], [ -78.565929737999966, -3.996749346999934 ], [ -78.566087737999965, -3.994362721999948 ], [ -78.566092612999967, -3.994145471999957 ], [ -78.56611036299995, -3.993301096999971 ], [ -78.565712862999987, -3.991962846999968 ], [ -78.564529362999963, -3.990251971999953 ], [ -78.563738612999941, -3.98938084699995 ], [ -78.563196612999946, -3.988783846999979 ], [ -78.56229923799998, -3.986841846999937 ], [ -78.561954487999969, -3.986096096999972 ], [ -78.561389862999988, -3.985350721999964 ], [ -78.560441237999953, -3.984899096999925 ], [ -78.559573237999984, -3.98459259699996 ], [ -78.558788612999933, -3.984315596999977 ], [ -78.554692987999942, -3.981514846999971 ], [ -78.550880612999947, -3.977724596999963 ], [ -78.54940886299994, -3.975450096999964 ], [ -78.548139237999976, -3.974961846999975 ], [ -78.547260237999978, -3.974961846999975 ], [ -78.546133862999966, -3.975028096999949 ], [ -78.54559986299995, -3.975059471999941 ], [ -78.544135112999982, -3.975157096999965 ], [ -78.542670112999986, -3.974473471999943 ], [ -78.541823862999934, -3.972865596999952 ], [ -78.541693487999964, -3.972617846999981 ], [ -78.54188886299994, -3.970859971999971 ], [ -78.542474737999953, -3.969199721999928 ], [ -78.542865487999961, -3.966367471999945 ], [ -78.542865487999961, -3.964609596999935 ], [ -78.542377112999986, -3.963144596999939 ], [ -78.541107487999966, -3.961972721999928 ], [ -78.538958987999933, -3.960996096999963 ], [ -78.536907987999939, -3.959531096999967 ], [ -78.534954737999954, -3.957382471999949 ], [ -78.533392112999934, -3.955526971999973 ], [ -78.532691487999955, -3.954358971999966 ], [ -78.532691487999955, -3.954254471999946 ], [ -78.532578237999985, -3.95382422199998 ], [ -78.532424737999975, -3.953531346999966 ], [ -78.532081237999989, -3.951470596999968 ], [ -78.531921612999952, -3.951310846999945 ], [ -78.531559237999943, -3.950948596999979 ], [ -78.531431237999982, -3.950848221999934 ], [ -78.529778612999962, -3.950057846999925 ], [ -78.528671612999972, -3.949662471999943 ], [ -78.528434487999959, -3.949227721999932 ], [ -78.528411362999975, -3.949084221999954 ], [ -78.528411362999975, -3.948788221999962 ], [ -78.528508987999942, -3.946834971999976 ], [ -78.528313737999952, -3.943709721999937 ], [ -78.527434737999954, -3.94234247199995 ], [ -78.525969737999958, -3.939119596999944 ], [ -78.524504862999947, -3.937263971999926 ], [ -78.522942237999985, -3.937166346999959 ], [ -78.520988987999942, -3.937752346999957 ], [ -78.51942636299998, -3.937752346999957 ], [ -78.517277862999947, -3.937068846999978 ], [ -78.514738612999963, -3.935799096999972 ], [ -78.513078487999962, -3.934920096999974 ], [ -78.511222737999958, -3.934822471999951 ], [ -78.509367112999939, -3.934529471999952 ], [ -78.508527112999957, -3.934379471999932 ], [ -78.507650487999967, -3.934379471999932 ], [ -78.506555237999976, -3.934550596999941 ], [ -78.505103987999973, -3.934550596999941 ], [ -78.504946612999959, -3.934550596999941 ], [ -78.503440612999952, -3.934550596999941 ], [ -78.501318612999967, -3.934653221999952 ], [ -78.49957311299994, -3.934310971999935 ], [ -78.498674487999949, -3.93418259699996 ], [ -78.498375112999952, -3.934071471999971 ], [ -78.497382612999957, -3.933763346999967 ], [ -78.496218862999967, -3.933318471999939 ], [ -78.495157862999974, -3.933147346999931 ], [ -78.49447336299994, -3.933147346999931 ], [ -78.493857237999975, -3.933386846999952 ], [ -78.492830487999981, -3.934002971999973 ], [ -78.491892487999962, -3.934245096999973 ], [ -78.49174648799999, -3.93425084699993 ], [ -78.49126086299998, -3.934269971999925 ], [ -78.490688487999989, -3.934269971999925 ], [ -78.49012761299997, -3.934258846999967 ], [ -78.489824612999939, -3.934213846999967 ], [ -78.489387237999949, -3.934110221999958 ], [ -78.489028112999961, -3.933955846999936 ], [ -78.488893987999973, -3.933866471999977 ], [ -78.488826112999959, -3.933821221999949 ], [ -78.488669112999958, -3.933608096999933 ], [ -78.488635487999943, -3.933361096999931 ], [ -78.488556862999985, -3.933047096999928 ], [ -78.488556862999985, -3.932891721999965 ], [ -78.488431612999989, -3.932529471999942 ], [ -78.488152362999983, -3.932068346999927 ], [ -78.488084237999942, -3.931994221999958 ], [ -78.487459737999984, -3.93057872199995 ], [ -78.485633237999934, -3.926469096999938 ], [ -78.48472011299998, -3.924236846999975 ], [ -78.48263998799996, -3.920786846999931 ], [ -78.481625237999936, -3.91845309699994 ], [ -78.480821112999934, -3.917154221999965 ], [ -78.480753237999977, -3.916937721999943 ], [ -78.480245612999965, -3.915451471999972 ], [ -78.479223112999989, -3.91394472199994 ], [ -78.478125487999989, -3.912969971999928 ], [ -78.477972112999964, -3.912498346999939 ], [ -78.477743987999986, -3.911796096999979 ], [ -78.477499112999965, -3.911042596999948 ], [ -78.477404237999963, -3.909506346999933 ], [ -78.477378612999985, -3.909091221999972 ], [ -78.477041362999955, -3.908127471999933 ], [ -78.475764362999939, -3.906778346999943 ], [ -78.475547612999947, -3.906055596999977 ], [ -78.475869487999944, -3.905306721999978 ], [ -78.475972987999967, -3.905065721999961 ], [ -78.475997987999961, -3.904005846999951 ], [ -78.475546862999977, -3.903257846999963 ], [ -78.475540987999977, -3.902548846999935 ], [ -78.475974612999948, -3.901679721999926 ], [ -78.476410112999986, -3.901365221999924 ], [ -78.476590487999943, -3.901374471999929 ], [ -78.478607362999981, -3.901478096999938 ], [ -78.47913736299995, -3.901044471999967 ], [ -78.479426362999959, -3.899912096999969 ], [ -78.479546987999981, -3.897888346999935 ], [ -78.480125112999986, -3.897213846999932 ], [ -78.481144737999955, -3.897013846999926 ], [ -78.481353862999981, -3.896972846999972 ], [ -78.483473987999957, -3.896804221999957 ], [ -78.484967612999981, -3.896539221999944 ], [ -78.485268487999974, -3.896180346999927 ], [ -78.486340862999953, -3.894900971999959 ], [ -78.486798612999962, -3.893720471999927 ], [ -78.486557737999988, -3.892443596999954 ], [ -78.484052112999962, -3.889841596999929 ], [ -78.481818362999945, -3.88862884699995 ], [ -78.480789112999958, -3.888283221999927 ], [ -78.480392612999935, -3.887937471999976 ], [ -78.479712862999975, -3.886728471999959 ], [ -78.479544862999944, -3.885636721999958 ], [ -78.479316362999953, -3.885005846999945 ], [ -78.478171862999943, -3.883794971999976 ], [ -78.477835987999981, -3.883162096999968 ], [ -78.477607362999947, -3.882242221999945 ], [ -78.477512112999989, -3.881021096999973 ], [ -78.477450862999945, -3.878060596999944 ], [ -78.477884612999958, -3.876663346999976 ], [ -78.478943362999985, -3.874896471999932 ], [ -78.478951112999937, -3.872828096999967 ], [ -78.477478487999974, -3.868171846999928 ], [ -78.477144487999965, -3.866964846999963 ], [ -78.476926362999961, -3.865642096999977 ], [ -78.476632862999963, -3.863861346999954 ], [ -78.47653123799995, -3.858693346999928 ], [ -78.47624998799995, -3.857714846999954 ], [ -78.475165987999958, -3.856966846999967 ], [ -78.474318987999936, -3.855775471999948 ], [ -78.473438487999942, -3.853580221999948 ], [ -78.47265661299997, -3.852571221999938 ], [ -78.471283237999955, -3.851631721999979 ], [ -78.469931612999972, -3.849599596999951 ], [ -78.46942186299998, -3.848333971999978 ], [ -78.468898237999952, -3.84621109699998 ], [ -78.468368237999982, -3.844620846999931 ], [ -78.467621362999978, -3.844524471999932 ], [ -78.466754112999979, -3.844885846999944 ], [ -78.466574862999948, -3.844903471999942 ], [ -78.465284487999952, -3.845030471999962 ], [ -78.463882737999938, -3.844181471999946 ], [ -78.462947487999941, -3.844355846999974 ], [ -78.462369237999951, -3.844235346999938 ], [ -78.461959737999962, -3.843584971999974 ], [ -78.462065612999936, -3.843340596999951 ], [ -78.462272987999938, -3.842862221999951 ], [ -78.463236737999978, -3.841970721999928 ], [ -78.463381112999969, -3.841440721999959 ], [ -78.462523487999988, -3.839755846999935 ], [ -78.460304737999934, -3.837681596999971 ], [ -78.459960987999978, -3.83699209699995 ], [ -78.459831987999962, -3.836052721999977 ], [ -78.460134737999965, -3.835728471999971 ], [ -78.46098823799997, -3.835271471999931 ], [ -78.46128123799997, -3.834583971999962 ], [ -78.46128123799997, -3.834066346999975 ], [ -78.460945362999951, -3.83337697199994 ], [ -78.460830112999986, -3.832400346999975 ], [ -78.461005862999968, -3.831941471999926 ], [ -78.461681862999967, -3.831418846999952 ], [ -78.462421112999948, -3.831585221999944 ], [ -78.463005862999978, -3.831716846999939 ], [ -78.464589112999988, -3.83205897199997 ], [ -78.464722612999935, -3.832066471999951 ], [ -78.465347612999949, -3.831896471999926 ], [ -78.466033237999966, -3.831380721999949 ], [ -78.466499987999953, -3.830177596999931 ], [ -78.466445362999934, -3.828683596999952 ], [ -78.465872987999944, -3.827533221999943 ], [ -78.465332362999959, -3.826786346999938 ], [ -78.463823987999945, -3.825318971999934 ], [ -78.463332987999934, -3.82484134699996 ], [ -78.462972112999978, -3.824792096999943 ], [ -78.46193748799999, -3.824650346999931 ], [ -78.459304737999958, -3.826824221999971 ], [ -78.458302612999944, -3.827095221999969 ], [ -78.457412112999975, -3.827335971999958 ], [ -78.455141737999952, -3.827395096999965 ], [ -78.453190237999934, -3.826937346999955 ], [ -78.451286987999936, -3.825708596999959 ], [ -78.450371487999973, -3.824455846999967 ], [ -78.448805487999948, -3.823877596999978 ], [ -78.447191362999945, -3.82390172199996 ], [ -78.446155487999988, -3.823411471999975 ], [ -78.445276112999977, -3.822684721999963 ], [ -78.443191987999967, -3.820962596999948 ], [ -78.43984323799998, -3.819516971999974 ], [ -78.438952362999942, -3.819423221999955 ], [ -78.438469987999952, -3.819372471999941 ], [ -78.436879862999945, -3.819372471999941 ], [ -78.436000237999963, -3.819118346999971 ], [ -78.435830112999952, -3.818943346999959 ], [ -78.435646487999975, -3.818478471999981 ], [ -78.435943362999978, -3.817623096999966 ], [ -78.436150362999967, -3.817365221999978 ], [ -78.436408237999956, -3.817107471999975 ], [ -78.436932987999967, -3.816569846999926 ], [ -78.43711523799999, -3.815978471999927 ], [ -78.436634112999968, -3.81533634699997 ], [ -78.435362987999952, -3.814850346999947 ], [ -78.432567487999961, -3.813662596999961 ], [ -78.430061862999935, -3.811108846999957 ], [ -78.429054737999934, -3.809562471999925 ], [ -78.425652987999968, -3.80508584699993 ], [ -78.424332112999934, -3.803056096999967 ], [ -78.423316112999942, -3.802363471999968 ], [ -78.421195987999965, -3.800917971999979 ], [ -78.420184112999948, -3.799713346999965 ], [ -78.418594112999983, -3.797183596999957 ], [ -78.416281237999954, -3.795352596999976 ], [ -78.413907362999964, -3.792609721999952 ], [ -78.412785987999939, -3.79085284699994 ], [ -78.412016987999948, -3.788679096999942 ], [ -78.411552487999984, -3.78662897199996 ], [ -78.41144036299994, -3.785395471999948 ], [ -78.410879487999978, -3.784423596999943 ], [ -78.409366862999946, -3.782391096999959 ], [ -78.40923498799998, -3.781470721999938 ], [ -78.40953548799996, -3.77959647199998 ], [ -78.410041362999948, -3.77778959699998 ], [ -78.409583737999981, -3.776633096999944 ], [ -78.409390362999943, -3.776419971999928 ], [ -78.408643987999938, -3.775597221999931 ], [ -78.408601862999944, -3.774797221999961 ], [ -78.408523487999958, -3.77330847199994 ], [ -78.408482362999962, -3.77237884699997 ], [ -78.408674237999946, -3.771677346999979 ], [ -78.408863862999965, -3.771538221999947 ], [ -78.40923498799998, -3.771266096999966 ], [ -78.411486862999936, -3.769501846999958 ], [ -78.415823487999944, -3.767357721999929 ], [ -78.416257112999972, -3.766634971999963 ], [ -78.416138237999974, -3.765425471999947 ], [ -78.416041237999934, -3.765093471999933 ], [ -78.415702987999964, -3.76393659699994 ], [ -78.415419487999941, -3.762860221999972 ], [ -78.415372237999975, -3.762681096999927 ], [ -78.41501561299998, -3.761853471999927 ], [ -78.414619112999958, -3.76127934699997 ], [ -78.413933612999983, -3.760644471999967 ], [ -78.413193362999948, -3.760355471999958 ], [ -78.412304237999933, -3.759323471999949 ], [ -78.412089237999965, -3.758395471999961 ], [ -78.411712862999934, -3.757365221999976 ], [ -78.411085112999956, -3.756782471999941 ], [ -78.410274737999941, -3.756030221999936 ], [ -78.409174237999935, -3.75470934699996 ], [ -78.409005487999934, -3.753480721999949 ], [ -78.409057862999987, -3.752973596999936 ], [ -78.409222237999984, -3.751384721999955 ], [ -78.40887498799998, -3.750005721999969 ], [ -78.408646487999988, -3.74953997199998 ], [ -78.408430112999952, -3.749098721999928 ], [ -78.40759948799996, -3.747405221999941 ], [ -78.407111612999984, -3.74641047199998 ], [ -78.40705498799997, -3.746309596999936 ], [ -78.40440386299997, -3.741579221999928 ], [ -78.402596987999971, -3.736760846999971 ], [ -78.402476487999934, -3.735387596999942 ], [ -78.402854987999945, -3.734911346999979 ], [ -78.403022987999975, -3.734699846999945 ], [ -78.404427987999952, -3.734423971999945 ], [ -78.407487612999944, -3.73447209699998 ], [ -78.409655862999955, -3.734062471999948 ], [ -78.411245987999962, -3.733171096999968 ], [ -78.412522862999936, -3.731918346999976 ], [ -78.417293112999971, -3.726449471999956 ], [ -78.418786737999937, -3.725509846999955 ], [ -78.420111862999988, -3.725268721999953 ], [ -78.421226237999974, -3.724814471999935 ], [ -78.421798487999979, -3.724064346999967 ], [ -78.421750112999973, -3.723293346999981 ], [ -78.420969487999969, -3.722319846999937 ], [ -78.420361112999956, -3.721907721999969 ], [ -78.420277112999941, -3.721850721999942 ], [ -78.419318612999973, -3.721201346999976 ], [ -78.418518612999947, -3.72065934699998 ], [ -78.418429987999957, -3.720599221999976 ], [ -78.417427737999958, -3.719535096999948 ], [ -78.417259737999984, -3.718904346999977 ], [ -78.417228487999978, -3.718300721999981 ], [ -78.417205112999966, -3.71769722199997 ], [ -78.41760936299994, -3.716203096999948 ], [ -78.418597362999947, -3.713349846999961 ], [ -78.418580612999961, -3.712547346999941 ], [ -78.418457737999972, -3.712259096999958 ], [ -78.418088112999953, -3.711391846999959 ], [ -78.417964612999981, -3.710484846999975 ], [ -78.417936362999967, -3.710435471999972 ], [ -78.417871237999975, -3.709199471999966 ], [ -78.41828086299995, -3.707753846999935 ], [ -78.419437237999944, -3.706766221999942 ], [ -78.421701987999938, -3.70597122199996 ], [ -78.42283423799995, -3.705272471999933 ], [ -78.422820362999971, -3.70513022199998 ], [ -78.422737862999952, -3.704284721999954 ], [ -78.422111362999942, -3.703465596999933 ], [ -78.422150112999987, -3.70320172199996 ], [ -78.422255987999961, -3.702477846999955 ], [ -78.423123487999987, -3.701369596999939 ], [ -78.423213487999988, -3.700661596999964 ], [ -78.42324911299994, -3.70038259699993 ], [ -78.423003862999963, -3.69902147199997 ], [ -78.422400612999979, -3.697394346999943 ], [ -78.422400612999979, -3.696430721999945 ], [ -78.423102987999982, -3.695578846999979 ], [ -78.423243862999982, -3.694575596999925 ], [ -78.423436612999978, -3.693202346999954 ], [ -78.422737862999952, -3.690889596999966 ], [ -78.420473237999943, -3.688600846999975 ], [ -78.418328987999985, -3.686793971999975 ], [ -78.415751237999984, -3.685974721999969 ], [ -78.415052487999958, -3.686312096999927 ], [ -78.414064862999965, -3.687709346999952 ], [ -78.413230487999954, -3.688517846999957 ], [ -78.413089362999983, -3.688654596999925 ], [ -78.411727862999953, -3.689974096999947 ], [ -78.409969112999988, -3.690648721999935 ], [ -78.405271112999969, -3.690744971999948 ], [ -78.401416487999938, -3.690311346999977 ], [ -78.400235862999978, -3.689732971999945 ], [ -78.397296737999966, -3.68715534699993 ], [ -78.396092112999952, -3.685468846999925 ], [ -78.395441987999959, -3.682266096999967 ], [ -78.395068237999965, -3.680995221999979 ], [ -78.394550237999965, -3.680216721999955 ], [ -78.393875612999977, -3.679132596999978 ], [ -78.393217487999948, -3.677179971999976 ], [ -78.393586487999983, -3.675783721999949 ], [ -78.394574237999961, -3.674651471999937 ], [ -78.396792737999988, -3.672710346999963 ], [ -78.397208987999988, -3.672346221999931 ], [ -78.398621737999974, -3.671109971999954 ], [ -78.398782112999982, -3.670789346999925 ], [ -78.39934448799994, -3.669664471999965 ], [ -78.399150987999974, -3.668615471999942 ], [ -78.397971237999968, -3.66708659699998 ], [ -78.396810362999986, -3.665582221999955 ], [ -78.396203987999968, -3.662445221999974 ], [ -78.395869362999974, -3.661545971999942 ], [ -78.394794612999988, -3.660522346999926 ], [ -78.394571362999955, -3.659815971999933 ], [ -78.395195362999971, -3.657901096999979 ], [ -78.395265362999965, -3.657686096999953 ], [ -78.396198737999953, -3.656351971999925 ], [ -78.398586862999935, -3.653755846999957 ], [ -78.400817612999958, -3.651339221999933 ], [ -78.400817612999958, -3.650409846999935 ], [ -78.400445862999959, -3.649517346999971 ], [ -78.398925237999947, -3.647457846999941 ], [ -78.398326612999938, -3.646617471999946 ], [ -78.397464862999982, -3.646251971999959 ], [ -78.39495373799997, -3.644829596999955 ], [ -78.39220861299998, -3.643427721999956 ], [ -78.389961362999941, -3.642490596999949 ], [ -78.387284362999935, -3.640943721999975 ], [ -78.386309737999966, -3.640098721999948 ], [ -78.386718737999956, -3.638986596999928 ], [ -78.38799998799999, -3.636925846999929 ], [ -78.391708737999977, -3.633195721999925 ], [ -78.393642112999942, -3.631634221999946 ], [ -78.393815862999986, -3.631243221999966 ], [ -78.39438561299994, -3.629961221999963 ], [ -78.394497237999985, -3.628102221999939 ], [ -78.394637237999973, -3.627962096999966 ], [ -78.396430487999964, -3.626168971999959 ], [ -78.397657362999951, -3.624086846999944 ], [ -78.397752237999953, -3.623177096999939 ], [ -78.397812487999943, -3.622599721999961 ], [ -78.397025362999955, -3.621186971999975 ], [ -78.396170237999968, -3.619959971999947 ], [ -78.396048862999976, -3.618111346999967 ], [ -78.396025237999936, -3.617854096999963 ], [ -78.396148362999952, -3.616218596999943 ], [ -78.399850987999969, -3.608099846999949 ], [ -78.399776612999972, -3.606203721999975 ], [ -78.399292987999956, -3.604939721999926 ], [ -78.397917612999947, -3.604828096999938 ], [ -78.395315112999981, -3.605683221999925 ], [ -78.393827987999941, -3.605013971999938 ], [ -78.392861362999952, -3.603675596999949 ], [ -78.392722612999989, -3.602080096999941 ], [ -78.392601612999954, -3.600873096999976 ], [ -78.392562487999953, -3.599552721999942 ], [ -78.392966737999984, -3.598117221999928 ], [ -78.393257862999974, -3.597373096999945 ], [ -78.394203112999946, -3.59614059699993 ], [ -78.394806612999957, -3.595539221999957 ], [ -78.395378862999962, -3.594621096999958 ], [ -78.395322237999949, -3.593128846999946 ], [ -78.394814487999952, -3.591978471999937 ], [ -78.394478487999947, -3.590484346999972 ], [ -78.394431612999938, -3.588818346999972 ], [ -78.394752237999967, -3.587757971999963 ], [ -78.394236987999989, -3.58597834699998 ], [ -78.392861362999952, -3.582818096999972 ], [ -78.392006237999965, -3.581665596999926 ], [ -78.389998487999947, -3.580475846999946 ], [ -78.389663862999953, -3.579918096999961 ], [ -78.38974223799994, -3.579227971999956 ], [ -78.390444612999943, -3.577315596999938 ], [ -78.390281362999986, -3.576836971999967 ], [ -78.389886987999944, -3.575679721999961 ], [ -78.38799086299997, -3.574415596999927 ], [ -78.386206362999985, -3.573709221999934 ], [ -78.386223362999942, -3.572527471999933 ], [ -78.386243487999934, -3.571143846999973 ], [ -78.386071112999957, -3.570282096999961 ], [ -78.385908862999941, -3.569470846999934 ], [ -78.385648612999944, -3.566942596999979 ], [ -78.385611362999953, -3.565158096999937 ], [ -78.386577987999942, -3.563596596999957 ], [ -78.388325487999964, -3.56262972199994 ], [ -78.390593362999937, -3.561849096999936 ], [ -78.391151112999978, -3.560919596999952 ], [ -78.391188237999984, -3.560101596999971 ], [ -78.390825362999976, -3.559397221999973 ], [ -78.390556237999988, -3.55887484699997 ], [ -78.38877161299996, -3.556235096999956 ], [ -78.387693362999983, -3.554970971999978 ], [ -78.386763987999984, -3.554450471999928 ], [ -78.385611362999953, -3.554301721999934 ], [ -78.384012737999967, -3.553372346999936 ], [ -78.381893487999946, -3.552888971999948 ], [ -78.380183237999972, -3.552145346999964 ], [ -78.377741737999941, -3.550253846999965 ], [ -78.377617112999985, -3.550179721999939 ], [ -78.376984362999963, -3.549488221999979 ], [ -78.376587862999941, -3.548798971999929 ], [ -78.376419987999952, -3.54810747199997 ], [ -78.376419987999952, -3.547074221999935 ], [ -78.376425737999966, -3.546671846999971 ], [ -78.37648048799997, -3.546615221999957 ], [ -78.376540987999988, -3.54454884699993 ], [ -78.376320362999934, -3.543859346999966 ], [ -78.376029362999986, -3.543513721999943 ], [ -78.375632862999964, -3.543167971999935 ], [ -78.375060487999974, -3.542878971999926 ], [ -78.374664112999938, -3.542820346999974 ], [ -78.373863237999956, -3.542472596999971 ], [ -78.373238237999942, -3.542414096999948 ], [ -78.373007862999941, -3.542300846999979 ], [ -78.372490237999955, -3.542296846999932 ], [ -78.371353487999954, -3.541777346999936 ], [ -78.370384737999984, -3.540855471999976 ], [ -78.369072237999944, -3.539244096999937 ], [ -78.368820362999941, -3.538525346999961 ], [ -78.369392612999945, -3.537722721999955 ], [ -78.369996112999956, -3.537120971999968 ], [ -78.369996112999956, -3.536087846999976 ], [ -78.369193362999965, -3.53505084699998 ], [ -78.36748436299996, -3.533496096999954 ], [ -78.367255862999968, -3.533150346999946 ], [ -78.367058612999983, -3.532490221999979 ], [ -78.367148487999941, -3.532347596999955 ], [ -78.367148487999941, -3.531599596999968 ], [ -78.367034987999943, -3.531312471999968 ], [ -78.366578112999946, -3.530966846999945 ], [ -78.365898487999971, -3.530849596999929 ], [ -78.365265612999963, -3.530331971999942 ], [ -78.364929737999944, -3.529699221999977 ], [ -78.364822237999988, -3.52853122199997 ], [ -78.365105487999983, -3.527517596999928 ], [ -78.365447237999945, -3.526886721999972 ], [ -78.365570362999961, -3.525623096999936 ], [ -78.365570362999961, -3.524015596999959 ], [ -78.365683612999987, -3.522867221999945 ], [ -78.365921862999983, -3.522236346999932 ], [ -78.366378862999966, -3.521433721999927 ], [ -78.366554737999934, -3.520802721999928 ], [ -78.366455112999972, -3.517980471999977 ], [ -78.366622987999961, -3.517126971999971 ], [ -78.366570362999937, -3.514140596999937 ], [ -78.366111362999959, -3.513164096999958 ], [ -78.365265612999963, -3.511839721999934 ], [ -78.363837862999958, -3.510228471999937 ], [ -78.363212987999987, -3.509652346999928 ], [ -78.362412112999948, -3.508615221999946 ], [ -78.362128862999953, -3.507869096999968 ], [ -78.36190623799996, -3.506605471999933 ], [ -78.361394487999974, -3.504822221999973 ], [ -78.360710987999937, -3.503671846999964 ], [ -78.359254237999949, -3.502419096999972 ], [ -78.35828573799995, -3.500930971999935 ], [ -78.358228237999981, -3.500431221999975 ], [ -78.358061362999933, -3.498982221999938 ], [ -78.358167487999935, -3.498344346999943 ], [ -78.358356612999955, -3.497742096999957 ], [ -78.358238612999969, -3.49706884699998 ], [ -78.35782511299999, -3.496112221999965 ], [ -78.357116487999974, -3.495214596999972 ], [ -78.356286361999935, -3.494943346999946 ], [ -78.355767611999966, -3.494773846999976 ], [ -78.355375736999974, -3.494353971999942 ], [ -78.355235736999987, -3.493570096999974 ], [ -78.355487736999976, -3.491946346999953 ], [ -78.355941361999953, -3.490040971999974 ], [ -78.356042361999982, -3.487538346999941 ], [ -78.356064486999969, -3.48699109699993 ], [ -78.356064486999969, -3.485728471999948 ], [ -78.355667986999947, -3.484865221999939 ], [ -78.354697236999982, -3.483943346999979 ], [ -78.354240236999942, -3.483365221999975 ], [ -78.353843736999977, -3.482330096999931 ], [ -78.353919986999983, -3.480944096999963 ], [ -78.35439586199999, -3.48007622199998 ], [ -78.355179736999958, -3.479096346999938 ], [ -78.355823611999938, -3.478706846999955 ], [ -78.357447362999949, -3.477724596999963 ], [ -78.35809373799998, -3.477109346999953 ], [ -78.358611362999966, -3.475904846999981 ], [ -78.359406987999989, -3.473805221999953 ], [ -78.359603112999935, -3.471761596999954 ], [ -78.359183112999972, -3.469521971999939 ], [ -78.357590237999943, -3.466193221999958 ], [ -78.357491487999937, -3.465969721999954 ], [ -78.356918237999935, -3.464670346999981 ], [ -78.355798486999959, -3.463304096999934 ], [ -78.355238611999937, -3.462766596999927 ], [ -78.354029111999978, -3.461960346999945 ], [ -78.353513986999985, -3.461534846999939 ], [ -78.353379611999969, -3.461176471999977 ], [ -78.352963111999941, -3.46070859699995 ], [ -78.35174473699999, -3.459339971999952 ], [ -78.351023861999977, -3.458726721999938 ], [ -78.350244111999984, -3.45806334699995 ], [ -78.349325861999944, -3.457145096999966 ], [ -78.348765986999979, -3.45624922199994 ], [ -78.348679861999983, -3.455414221999945 ], [ -78.348765986999979, -3.453606471999933 ], [ -78.348605736999957, -3.452936221999948 ], [ -78.348570736999989, -3.452789846999963 ], [ -78.348026861999983, -3.451859596999952 ], [ -78.347007861999941, -3.450914096999952 ], [ -78.346320361999972, -3.450281221999944 ], [ -78.345871111999941, -3.449646471999927 ], [ -78.345351611999945, -3.448437471999966 ], [ -78.345138611999971, -3.445562471999949 ], [ -78.345306611999945, -3.444757846999948 ], [ -78.345259736999935, -3.440847596999959 ], [ -78.34486323699997, -3.43940822199994 ], [ -78.344695361999982, -3.437453096999946 ], [ -78.344703111999934, -3.435613221999972 ], [ -78.344193361999942, -3.433886721999954 ], [ -78.343960986999946, -3.433540971999946 ], [ -78.343628861999946, -3.432505846999959 ], [ -78.343224611999972, -3.431701221999958 ], [ -78.342330736999941, -3.429373096999939 ], [ -78.341384736999942, -3.427103471999942 ], [ -78.342097111999976, -3.42645284699995 ], [ -78.343444611999985, -3.425512721999951 ], [ -78.343483861999971, -3.425471596999955 ], [ -78.344505986999934, -3.42440034699996 ], [ -78.345761111999934, -3.421947221999972 ], [ -78.347276611999973, -3.419709471999965 ], [ -78.347634986999935, -3.417838221999943 ], [ -78.348443236999969, -3.416687471999978 ], [ -78.349239611999963, -3.416050471999938 ], [ -78.349565111999937, -3.415880596999955 ], [ -78.350704736999944, -3.415285971999936 ], [ -78.352424861999964, -3.413088221999942 ], [ -78.353953736999983, -3.409010971999976 ], [ -78.354654486999948, -3.405762096999979 ], [ -78.355949236999948, -3.404247971999951 ], [ -78.356231111999989, -3.403558096999973 ], [ -78.355822236999984, -3.403292971999974 ], [ -78.355159236999953, -3.402301221999949 ], [ -78.353784361999942, -3.401518596999949 ], [ -78.352388111999971, -3.400058971999954 ], [ -78.350843986999962, -3.398747471999968 ], [ -78.34900361199999, -3.396483971999942 ], [ -78.346886361999964, -3.393979596999941 ], [ -78.344725361999963, -3.392811471999948 ], [ -78.344258111999977, -3.391818721999925 ], [ -78.344310986999972, -3.391130221999958 ], [ -78.344349861999945, -3.390032221999945 ], [ -78.344642736999958, -3.388612971999976 ], [ -78.34481423699998, -3.387782096999956 ], [ -78.344938111999966, -3.38718172199998 ], [ -78.345566486999985, -3.385965471999953 ], [ -78.346579986999984, -3.384303471999942 ], [ -78.346701861999975, -3.383434846999933 ], [ -78.346370361999959, -3.382405221999932 ], [ -78.345755236999935, -3.382020846999978 ], [ -78.344330111999966, -3.381749471999967 ], [ -78.342607236999982, -3.381850846999953 ], [ -78.340487611999947, -3.382097346999956 ], [ -78.339992486999961, -3.382154971999967 ], [ -78.339455361999967, -3.382423471999971 ], [ -78.337073736999969, -3.383614346999934 ], [ -78.332340861999967, -3.385328221999941 ], [ -78.331113736999953, -3.385991971999943 ], [ -78.329780361999951, -3.386713096999927 ], [ -78.327139986999953, -3.388258846999975 ], [ -78.324613861999978, -3.389737846999935 ], [ -78.321835986999986, -3.392056346999937 ], [ -78.318740236999986, -3.395069471999932 ], [ -78.317696486999978, -3.395777221999936 ], [ -78.317324611999936, -3.39591609699994 ], [ -78.317046861999984, -3.396025346999977 ], [ -78.316419986999961, -3.396049346999973 ], [ -78.313252986999942, -3.395622096999944 ], [ -78.312466236999967, -3.395502846999932 ], [ -78.310629486999972, -3.395606096999927 ], [ -78.309618236999938, -3.39610122199997 ], [ -78.308547361999956, -3.396625846999939 ], [ -78.307471861999943, -3.396741096999961 ], [ -78.306200736999983, -3.39659347199995 ], [ -78.305011736999973, -3.397185346999947 ], [ -78.303623486999982, -3.399217096999962 ], [ -78.302648361999957, -3.399751096999978 ], [ -78.301185486999941, -3.399762721999934 ], [ -78.298585236999941, -3.399240346999932 ], [ -78.29766811199994, -3.398845596999934 ], [ -78.296843861999946, -3.398555346999956 ], [ -78.296007986999939, -3.398566971999969 ], [ -78.295125736999978, -3.398694721999959 ], [ -78.293291486999976, -3.398427721999951 ], [ -78.292444111999941, -3.397963346999973 ], [ -78.291410861999964, -3.397243596999942 ], [ -78.289692736999939, -3.396198721999951 ], [ -78.288729236999984, -3.396129096999971 ], [ -78.287951361999944, -3.396338096999955 ], [ -78.286987861999989, -3.397139096999979 ], [ -78.285065736999968, -3.398688471999947 ], [ -78.28469136199999, -3.398990221999952 ], [ -78.284550611999975, -3.39910372199995 ], [ -78.282796986999983, -3.400517346999948 ], [ -78.281647736999957, -3.401178971999968 ], [ -78.280270236999968, -3.401611596999942 ], [ -78.278853861999949, -3.401639971999941 ], [ -78.277751236999961, -3.401364346999969 ], [ -78.277152361999981, -3.401306596999973 ], [ -78.276620611999988, -3.401405346999979 ], [ -78.27641786199996, -3.401469971999973 ], [ -78.275540486999944, -3.402162096999973 ], [ -78.273841736999941, -3.403501971999958 ], [ -78.272521486999949, -3.404302596999969 ], [ -78.270695861999968, -3.404872221999938 ], [ -78.269083986999988, -3.404672971999958 ], [ -78.267728111999986, -3.40384697199994 ], [ -78.267175736999945, -3.403476471999966 ], [ -78.26641011199996, -3.402962846999969 ], [ -78.265718361999973, -3.402793721999956 ], [ -78.265285486999971, -3.402687971999967 ], [ -78.262396111999976, -3.402631346999954 ], [ -78.261248986999988, -3.402904471999932 ], [ -78.260416986999985, -3.403102471999944 ], [ -78.260117236999974, -3.403173846999948 ], [ -78.257767611999952, -3.40385934699998 ], [ -78.255880236999985, -3.403898721999951 ], [ -78.253876236999986, -3.40350872199997 ], [ -78.252368486999956, -3.402716346999966 ], [ -78.249057736999987, -3.402039471999956 ], [ -78.246210986999984, -3.402326221999942 ], [ -78.246153361999973, -3.403387346999978 ], [ -78.245768361999978, -3.404104221999944 ], [ -78.245573611999987, -3.40571547199994 ], [ -78.24486548699997, -3.406883971999946 ], [ -78.243796861999954, -3.407669971999951 ], [ -78.242476611999962, -3.408126971999934 ], [ -78.241745736999974, -3.408939346999944 ], [ -78.241556611999954, -3.40996509699994 ], [ -78.241744861999962, -3.410866971999951 ], [ -78.242177736999963, -3.411748096999929 ], [ -78.242254611999954, -3.412632096999971 ], [ -78.242270736999956, -3.412814846999936 ], [ -78.242232361999982, -3.413587846999974 ], [ -78.241906361999952, -3.414524846999939 ], [ -78.241673611999943, -3.415193346999956 ], [ -78.241597486999979, -3.41537184699996 ], [ -78.241371111999968, -3.415900971999974 ], [ -78.241320736999967, -3.416018596999947 ], [ -78.241249986999946, -3.416863346999946 ], [ -78.241451861999963, -3.417332346999956 ], [ -78.241572486999985, -3.417612596999959 ], [ -78.242164111999955, -3.417726596999955 ], [ -78.242569861999982, -3.418469971999968 ], [ -78.242983236999976, -3.42045847199995 ], [ -78.243201236999937, -3.421507596999959 ], [ -78.243419361999941, -3.422556721999968 ], [ -78.24288261199996, -3.426393846999929 ], [ -78.242565861999935, -3.428862596999977 ], [ -78.242484986999955, -3.429492471999936 ], [ -78.242988861999947, -3.431634346999942 ], [ -78.243378361999987, -3.432554971999934 ], [ -78.243378361999987, -3.434183721999943 ], [ -78.243732361999946, -3.435245971999962 ], [ -78.244199861999959, -3.436648846999958 ], [ -78.244263486999955, -3.437759971999981 ], [ -78.243984611999963, -3.438770471999931 ], [ -78.243236736999961, -3.439813596999954 ], [ -78.23701998699994, -3.445261596999956 ], [ -78.236650736999934, -3.445585221999977 ], [ -78.236558986999967, -3.448062721999975 ], [ -78.236755861999939, -3.449154346999933 ], [ -78.235603486999935, -3.451574221999977 ], [ -78.235080861999961, -3.452390596999976 ], [ -78.235375986999941, -3.453622846999963 ], [ -78.236402861999977, -3.455499596999971 ], [ -78.236650736999934, -3.456845096999928 ], [ -78.236663611999973, -3.458003971999972 ], [ -78.236677111999938, -3.459209346999955 ], [ -78.236367486999939, -3.461518971999965 ], [ -78.235699361999934, -3.463073721999933 ], [ -78.235107361999951, -3.46445122199998 ], [ -78.232578736999983, -3.471787346999974 ], [ -78.232305236999935, -3.472523721999949 ], [ -78.231990861999975, -3.473370221999971 ], [ -78.230277236999939, -3.477983846999962 ], [ -78.229427486999953, -3.482870221999974 ], [ -78.229545111999983, -3.483375096999964 ], [ -78.229916861999982, -3.485880096999949 ], [ -78.229639736999957, -3.486771221999959 ], [ -78.229258486999981, -3.487760971999933 ], [ -78.228200611999966, -3.488913346999936 ], [ -78.227019611999935, -3.490199721999943 ], [ -78.226320361999967, -3.491031221999947 ], [ -78.226169861999949, -3.491545221999957 ], [ -78.226948861999972, -3.492926096999952 ], [ -78.230843736999987, -3.49597122199998 ], [ -78.231342611999935, -3.49702859699994 ], [ -78.231441611999969, -3.497919596999964 ], [ -78.231402111999955, -3.498810846999959 ], [ -78.230912986999954, -3.499698346999935 ], [ -78.229533486999969, -3.501388721999945 ], [ -78.226984236999954, -3.502911346999952 ], [ -78.224926986999947, -3.503840596999964 ], [ -78.222768361999954, -3.504632596999954 ], [ -78.221402111999964, -3.505048471999942 ], [ -78.220609986999989, -3.505642471999977 ], [ -78.219520861999968, -3.506909846999974 ], [ -78.218372361999968, -3.508315721999963 ], [ -78.217292361999966, -3.508856596999976 ], [ -78.215866861999984, -3.508839971999976 ], [ -78.214789611999947, -3.508593721999944 ], [ -78.21011498699994, -3.50702859699993 ], [ -78.207936736999955, -3.505979221999951 ], [ -78.206451611999967, -3.505305846999931 ], [ -78.205951736999964, -3.505000346999964 ], [ -78.20460623699995, -3.503725721999956 ], [ -78.203827236999985, -3.502026096999941 ], [ -78.203917236999985, -3.501196221999976 ], [ -78.203816236999955, -3.500577471999975 ], [ -78.203297236999958, -3.499820846999967 ], [ -78.202968986999963, -3.499538346999941 ], [ -78.20233623699994, -3.498993471999938 ], [ -78.201723736999952, -3.498466471999961 ], [ -78.201106361999962, -3.49709209699995 ], [ -78.200863486999936, -3.496090221999964 ], [ -78.200787611999942, -3.495777596999972 ], [ -78.200488861999986, -3.495478846999958 ], [ -78.199771861999977, -3.495359346999976 ], [ -78.198756111999955, -3.495638221999968 ], [ -78.197556111999972, -3.496524971999975 ], [ -78.197252361999972, -3.496760221999978 ], [ -78.196905236999953, -3.497029221999981 ], [ -78.195894861999989, -3.497812096999951 ], [ -78.194613361999984, -3.498804971999959 ], [ -78.193336236999983, -3.499815971999965 ], [ -78.192901986999971, -3.500159721999978 ], [ -78.192322861999969, -3.500338721999981 ], [ -78.191685486999972, -3.499840721999931 ], [ -78.191087986999946, -3.499143596999943 ], [ -78.189753486999962, -3.498426596999934 ], [ -78.187801611999987, -3.497868971999935 ], [ -78.185610736999934, -3.497829096999965 ], [ -78.184634736999953, -3.497590096999943 ], [ -78.183618986999988, -3.496873221999977 ], [ -78.182145111999944, -3.496634096999969 ], [ -78.181726861999948, -3.496375096999941 ], [ -78.181587486999945, -3.495458846999952 ], [ -78.181643111999961, -3.494514846999948 ], [ -78.181328486999973, -3.494124471999953 ], [ -78.180173361999948, -3.493805846999976 ], [ -78.179157486999941, -3.493413721999957 ], [ -78.178826236999953, -3.493009846999939 ], [ -78.178400736999947, -3.492491221999956 ], [ -78.177441486999953, -3.491322096999966 ], [ -78.176472736999983, -3.490972596999939 ], [ -78.174392736999948, -3.491210721999948 ], [ -78.173819736999974, -3.491276221999954 ], [ -78.170871986999941, -3.49055934699993 ], [ -78.168163236999987, -3.49067884699997 ], [ -78.161039736999953, -3.48073934699994 ], [ -78.160899236999967, -3.480543471999965 ], [ -78.160393736999936, -3.480071471999963 ], [ -78.159938611999962, -3.479902971999934 ], [ -78.158640986999956, -3.480122096999935 ], [ -78.156161236999935, -3.481020721999926 ], [ -78.154663486999937, -3.480358096999964 ], [ -78.152852486999961, -3.47995534699993 ], [ -78.151208611999948, -3.480593971999951 ], [ -78.14987961199995, -3.480798096999933 ], [ -78.149169361999952, -3.480796096999939 ], [ -78.148394111999949, -3.48037484699995 ], [ -78.147585111999945, -3.479599596999947 ], [ -78.146944736999956, -3.478436721999969 ], [ -78.146388486999967, -3.476633471999946 ], [ -78.14608511199998, -3.475335721999954 ], [ -78.146034611999937, -3.470532471999945 ], [ -78.14569748699995, -3.466858471999956 ], [ -78.14487173699996, -3.463336096999967 ], [ -78.144669361999945, -3.462122721999947 ], [ -78.144635736999987, -3.461161971999957 ], [ -78.144890611999983, -3.460445346999961 ], [ -78.145967111999937, -3.459442971999977 ], [ -78.146776111999941, -3.45854972199993 ], [ -78.146795236999935, -3.45843247199997 ], [ -78.146944736999956, -3.457521721999967 ], [ -78.14665823699994, -3.456190096999933 ], [ -78.146725611999955, -3.455212721999942 ], [ -78.147062611999957, -3.454235471999937 ], [ -78.147015486999976, -3.453412846999925 ], [ -78.146864611999945, -3.450779721999936 ], [ -78.146759236999969, -3.448943346999954 ], [ -78.146693736999964, -3.447799096999972 ], [ -78.146877361999941, -3.447325346999946 ], [ -78.147787361999974, -3.446701846999929 ], [ -78.148247611999977, -3.446132471999931 ], [ -78.150989486999947, -3.442741221999938 ], [ -78.151360236999949, -3.441965971999934 ], [ -78.15168061199995, -3.440263846999926 ], [ -78.151646736999965, -3.438612221999961 ], [ -78.151225361999934, -3.436522346999936 ], [ -78.151224611999965, -3.436521471999924 ], [ -78.150601861999974, -3.43519097199993 ], [ -78.150458986999979, -3.434543221999945 ], [ -78.150349111999958, -3.434045096999967 ], [ -78.150466986999959, -3.433050596999976 ], [ -78.15196698699998, -3.431213596999953 ], [ -78.152304111999968, -3.430252971999948 ], [ -78.152915486999973, -3.426829721999979 ], [ -78.152874986999961, -3.422822346999965 ], [ -78.153996611999958, -3.420812721999937 ], [ -78.154858236999985, -3.417819096999949 ], [ -78.154890361999946, -3.417335721999962 ], [ -78.154412111999989, -3.414537221999979 ], [ -78.154511986999978, -3.412654846999942 ], [ -78.154913486999988, -3.411561721999931 ], [ -78.158144611999944, -3.407790346999946 ], [ -78.158778236999979, -3.407156721999968 ], [ -78.159690486999978, -3.406943721999937 ], [ -78.159821736999959, -3.409020471999952 ], [ -78.160641861999977, -3.410324971999955 ], [ -78.163456986999961, -3.410898471999928 ], [ -78.16470461199998, -3.411144971999931 ], [ -78.16546361199994, -3.411029721999967 ], [ -78.166194861999941, -3.410918846999948 ], [ -78.167947486999935, -3.40954222199997 ], [ -78.168991111999958, -3.409504971999979 ], [ -78.17034836199997, -3.41059484699997 ], [ -78.171525736999968, -3.411741346999975 ], [ -78.17209573699995, -3.411997721999967 ], [ -78.172224111999981, -3.412055471999963 ], [ -78.172387986999979, -3.412129221999976 ], [ -78.173092611999948, -3.411785846999976 ], [ -78.17405536199999, -3.411316721999981 ], [ -78.175402111999972, -3.410660471999961 ], [ -78.17774273699996, -3.410091096999963 ], [ -78.178177361999985, -3.40943447199993 ], [ -78.178926486999956, -3.408302721999974 ], [ -78.17980036199998, -3.405479471999968 ], [ -78.180277486999955, -3.404722596999932 ], [ -78.180881236999937, -3.403764846999934 ], [ -78.181280736999952, -3.402768846999948 ], [ -78.181210861999944, -3.402249346999952 ], [ -78.180292736999945, -3.400661096999954 ], [ -78.179469361999963, -3.399508346999937 ], [ -78.179041236999979, -3.397828721999929 ], [ -78.179666986999962, -3.396116221999932 ], [ -78.181247861999964, -3.394930596999927 ], [ -78.18384961199996, -3.394041346999927 ], [ -78.18533161199997, -3.393810846999941 ], [ -78.185792986999957, -3.393447221999963 ], [ -78.186154986999952, -3.392888596999967 ], [ -78.187150236999969, -3.390988721999975 ], [ -78.187241861999951, -3.390813721999962 ], [ -78.187776361999966, -3.389430721999929 ], [ -78.188098111999977, -3.387816721999968 ], [ -78.189033111999947, -3.385619971999972 ], [ -78.189442736999979, -3.38116297199997 ], [ -78.190237736999961, -3.378536971999949 ], [ -78.190343861999963, -3.37544334699993 ], [ -78.189854486999934, -3.370963721999942 ], [ -78.190343861999963, -3.369721471999981 ], [ -78.193431736999969, -3.365480721999973 ], [ -78.194744736999951, -3.363998471999935 ], [ -78.195549361999952, -3.363596221999956 ], [ -78.195803361999936, -3.362876221999954 ], [ -78.195758486999978, -3.361376846999974 ], [ -78.195739861999982, -3.360758721999957 ], [ -78.195168111999976, -3.360356471999978 ], [ -78.194088361999945, -3.360356471999978 ], [ -78.192479361999972, -3.360878596999953 ], [ -78.191293111999983, -3.360885846999963 ], [ -78.189683986999967, -3.360229346999972 ], [ -78.188166861999946, -3.358565471999952 ], [ -78.187035486999946, -3.357927096999958 ], [ -78.183310361999986, -3.355825096999979 ], [ -78.179964986999948, -3.354279346999931 ], [ -78.178236736999963, -3.353480846999958 ], [ -78.177246111999978, -3.351363096999933 ], [ -78.176428611999938, -3.350535596999975 ], [ -78.175994111999955, -3.350095721999935 ], [ -78.174520861999952, -3.349857096999926 ], [ -78.172397986999954, -3.350479221999933 ], [ -78.171208736999972, -3.350827846999948 ], [ -78.170308611999985, -3.350638846999971 ], [ -78.170167361999972, -3.350515346999941 ], [ -78.169899611999938, -3.350282096999933 ], [ -78.16909511199998, -3.349580221999929 ], [ -78.168752986999948, -3.348886221999976 ], [ -78.168867361999958, -3.347172971999953 ], [ -78.167937736999988, -3.34562022199998 ], [ -78.166918861999989, -3.344638221999958 ], [ -78.164855111999941, -3.342648596999936 ], [ -78.16232423699995, -3.341144471999939 ], [ -78.160515611999983, -3.340564596999968 ], [ -78.158218611999985, -3.338445471999933 ], [ -78.157749986999988, -3.336817096999937 ], [ -78.157501986999989, -3.335955096999953 ], [ -78.156669736999959, -3.334775471999933 ], [ -78.155256236999946, -3.333715346999952 ], [ -78.154581861999986, -3.333586846999935 ], [ -78.153810736999958, -3.333779596999932 ], [ -78.153088111999978, -3.333960221999973 ], [ -78.152825236999945, -3.334025971999949 ], [ -78.15160698699998, -3.333211846999973 ], [ -78.151508236999973, -3.332520221999971 ], [ -78.152074611999979, -3.33171634699994 ], [ -78.152397486999973, -3.330675971999938 ], [ -78.152397486999973, -3.329687971999931 ], [ -78.15203523699995, -3.328897471999937 ], [ -78.151738861999945, -3.328535221999971 ], [ -78.150981236999939, -3.328337596999972 ], [ -78.149466361999941, -3.328337596999972 ], [ -78.14497698699995, -3.327965346999974 ], [ -78.141759736999973, -3.327810721999981 ], [ -78.141340611999965, -3.327789096999936 ], [ -78.139190861999964, -3.327678971999944 ], [ -78.13747811199994, -3.327316721999978 ], [ -78.136797986999966, -3.326541596999959 ], [ -78.13675361199995, -3.326070221999942 ], [ -78.137781486999984, -3.324785221999946 ], [ -78.139516111999967, -3.323082721999981 ], [ -78.141101611999943, -3.322371846999943 ], [ -78.141651111999977, -3.321374471999945 ], [ -78.141411361999985, -3.320159596999929 ], [ -78.139533236999966, -3.316585971999928 ], [ -78.138511736999988, -3.315664096999967 ], [ -78.137191361999953, -3.315027346999955 ], [ -78.136513736999973, -3.314335971999981 ], [ -78.136169861999974, -3.313703096999973 ], [ -78.135833986999955, -3.312091846999976 ], [ -78.135376986999972, -3.310767471999952 ], [ -78.134468736999963, -3.309271346999935 ], [ -78.133613236999963, -3.308232471999929 ], [ -78.132072236999988, -3.306734346999974 ], [ -78.130276736999974, -3.304949346999933 ], [ -78.129289486999937, -3.303967971999953 ], [ -78.128563861999965, -3.30244197199994 ], [ -78.128377611999952, -3.300953096999933 ], [ -78.127893861999951, -3.299575971999957 ], [ -78.127339861999985, -3.298615221999967 ], [ -78.126372986999968, -3.297980471999949 ], [ -78.125232486999948, -3.29721234699997 ], [ -78.124506736999933, -3.296486596999955 ], [ -78.124060111999938, -3.295239721999963 ], [ -78.12322261199995, -3.294234721999942 ], [ -78.122087361999945, -3.29373222199996 ], [ -78.120821861999957, -3.293546096999933 ], [ -78.119779611999945, -3.292987846999949 ], [ -78.119302861999984, -3.29240772199995 ], [ -78.118476861999966, -3.290549971999951 ], [ -78.117935486999954, -3.289332096999942 ], [ -78.117195361999961, -3.288810596999951 ], [ -78.116009736999956, -3.288397721999957 ], [ -78.114494236999974, -3.287869971999953 ], [ -78.113452111999948, -3.287237221999931 ], [ -78.112688822999985, -3.286343971999941 ], [ -78.112298236999948, -3.285283096999933 ], [ -78.112517611999976, -3.284373346999928 ], [ -78.112615236999943, -3.283968221999942 ], [ -78.11293098699997, -3.282658971999979 ], [ -78.112819361999982, -3.281374846999938 ], [ -78.112521486999981, -3.280686221999929 ], [ -78.112277861999985, -3.280441721999978 ], [ -78.111624111999959, -3.280085096999926 ], [ -78.111293236999984, -3.279904596999927 ], [ -78.110474361999934, -3.279457971999932 ], [ -78.109655486999941, -3.278918221999959 ], [ -78.108464486999935, -3.277913346999981 ], [ -78.107254736999948, -3.277150346999974 ], [ -78.106845361999945, -3.276126721999958 ], [ -78.106454486999951, -3.274563346999969 ], [ -78.106380111999954, -3.273595721999925 ], [ -78.106547611999986, -3.272720971999945 ], [ -78.107757236999987, -3.271269346999929 ], [ -78.10783173699997, -3.27050634699998 ], [ -78.107608361999951, -3.26924072199995 ], [ -78.107274361999941, -3.26793397199998 ], [ -78.106966986999964, -3.266245346999938 ], [ -78.106510361999938, -3.264402096999959 ], [ -78.106212611999979, -3.263750596999955 ], [ -78.105784486999937, -3.263322596999956 ], [ -78.104314236999983, -3.262894596999956 ], [ -78.102397361999977, -3.262485096999967 ], [ -78.100969861999943, -3.262105221999946 ], [ -78.098978236999983, -3.261481221999929 ], [ -78.09835348699994, -3.26095309699997 ], [ -78.098550111999941, -3.260163846999944 ], [ -78.099340486999949, -3.259241721999956 ], [ -78.099603986999966, -3.257924346999971 ], [ -78.09973611199996, -3.256715846999953 ], [ -78.099042986999962, -3.255931596999972 ], [ -78.097611361999952, -3.255181721999975 ], [ -78.096857486999966, -3.254553596999926 ], [ -78.096013611999979, -3.25315322199998 ], [ -78.095920861999957, -3.253027971999927 ], [ -78.095344361999935, -3.252249721999931 ], [ -78.094764986999962, -3.25146759699993 ], [ -78.094680611999934, -3.250102596999966 ], [ -78.094640736999963, -3.24945747199996 ], [ -78.094422486999974, -3.248162596999975 ], [ -78.094417236999959, -3.248131846999968 ], [ -78.094158861999972, -3.246598596999945 ], [ -78.094020986999965, -3.243029971999931 ], [ -78.093741736999959, -3.242148846999953 ], [ -78.093281236999985, -3.241689471999962 ], [ -78.092654861999961, -3.240996221999978 ], [ -78.092256361999944, -3.240427221999937 ], [ -78.091765611999961, -3.237900346999936 ], [ -78.090711736999936, -3.234310596999933 ], [ -78.088834486999986, -3.232169846999966 ], [ -78.08613386199994, -3.230490221999958 ], [ -78.083433236999952, -3.229403346999959 ], [ -78.080798486999981, -3.228645846999939 ], [ -78.075594986999988, -3.227097971999967 ], [ -78.074943861999941, -3.226905346999956 ], [ -78.070620111999972, -3.225625846999947 ], [ -78.069943486999989, -3.225667596999926 ], [ -78.068113986999947, -3.22578047199994 ], [ -78.067029736999984, -3.225712721999969 ], [ -78.06477111199996, -3.22444797199995 ], [ -78.061642986999971, -3.220226471999979 ], [ -78.060667236999961, -3.217823346999978 ], [ -78.060035361999951, -3.21648309699998 ], [ -78.05974073699997, -3.215857971999981 ], [ -78.05948736199997, -3.215549221999936 ], [ -78.059203611999976, -3.215203346999942 ], [ -78.058625486999972, -3.214498596999931 ], [ -78.058137611999939, -3.213468721999959 ], [ -78.05698111199996, -3.211860596999941 ], [ -78.054677236999964, -3.208386971999971 ], [ -78.054201861999957, -3.208002346999933 ], [ -78.05242773699996, -3.206566346999978 ], [ -78.049861986999986, -3.20573522199993 ], [ -78.045308611999985, -3.205608721999965 ], [ -78.044040361999976, -3.205421721999926 ], [ -78.043591986999957, -3.205355721999979 ], [ -78.042381361999958, -3.204741346999981 ], [ -78.041568236999979, -3.203675346999944 ], [ -78.04071836199995, -3.200667221999936 ], [ -78.040339611999968, -3.199103846999947 ], [ -78.040054736999934, -3.197928221999973 ], [ -78.039490361999981, -3.195598471999972 ], [ -78.039038611999956, -3.194713096999976 ], [ -78.038603236999961, -3.194016346999945 ], [ -78.038406236999947, -3.193701221999959 ], [ -78.038154611999971, -3.193020221999973 ], [ -78.037665361999984, -3.191695596999978 ], [ -78.037105236999935, -3.190484971999979 ], [ -78.036219861999939, -3.189635721999935 ], [ -78.03538236199995, -3.189058971999941 ], [ -78.034304486999986, -3.188967096999932 ], [ -78.03202786199995, -3.188533471999961 ], [ -78.030188861999989, -3.187920471999973 ], [ -78.029946611999947, -3.187839721999978 ], [ -78.029100611999979, -3.187557721999951 ], [ -78.027655111999934, -3.18753972199994 ], [ -78.026044486999979, -3.187375096999972 ], [ -78.024381236999943, -3.187300096999934 ], [ -78.023481111999956, -3.187214471999937 ], [ -78.022342861999959, -3.187105971999927 ], [ -78.021294861999934, -3.186726596999961 ], [ -78.020084236999935, -3.186076096999955 ], [ -78.019054236999978, -3.184847471999944 ], [ -78.017070861999969, -3.182439221999971 ], [ -78.014794861999974, -3.180466846999934 ], [ -78.012693986999977, -3.17884847199997 ], [ -78.011827611999934, -3.17332597199993 ], [ -78.011741486999938, -3.172776846999966 ], [ -78.011406861999944, -3.170643221999967 ], [ -78.011352236999983, -3.170295721999935 ], [ -78.011040611999988, -3.167791096999963 ], [ -78.010316361999969, -3.161972596999931 ], [ -78.009839111999952, -3.160056721999979 ], [ -78.009134361999941, -3.158069096999952 ], [ -78.006983986999956, -3.155738221999968 ], [ -78.005346736999968, -3.154305471999976 ], [ -78.004237486999955, -3.153334971999925 ], [ -78.002894236999964, -3.152108971999951 ], [ -78.001545361999945, -3.150877596999976 ], [ -78.000023861999978, -3.150062471999945 ], [ -77.999999986999967, -3.150049721999949 ], [ -77.999976111999956, -3.150036971999953 ], [ -77.998509611999964, -3.149251346999961 ], [ -77.99623311199997, -3.147390346999941 ], [ -77.994679111999972, -3.145727971999975 ], [ -77.993920236999941, -3.142493471999956 ], [ -77.993179361999978, -3.140849346999971 ], [ -77.991932611999971, -3.139367596999932 ], [ -77.990613611999947, -3.138391971999965 ], [ -77.98784898699995, -3.136729596999942 ], [ -77.984957986999973, -3.133603596999933 ], [ -77.984090736999974, -3.132158096999945 ], [ -77.983620861999952, -3.130351221999945 ], [ -77.983860611999944, -3.12687047199995 ], [ -77.983638986999949, -3.125888096999972 ], [ -77.982970361999946, -3.122924846999979 ], [ -77.982446361999962, -3.119654346999937 ], [ -77.981813986999953, -3.119021846999942 ], [ -77.980766736999954, -3.118574346999935 ], [ -77.97657411199998, -3.118557971999962 ], [ -77.974160111999936, -3.118564471999946 ], [ -77.972147111999959, -3.11840759699993 ], [ -77.971135236999942, -3.117720971999972 ], [ -77.970755736999934, -3.117413721999981 ], [ -77.968876486999989, -3.113546971999938 ], [ -77.967864736999957, -3.109878971999933 ], [ -77.967277361999948, -3.10876172199994 ], [ -77.966757861999952, -3.108017596999957 ], [ -77.965528486999972, -3.106174971999963 ], [ -77.964215111999977, -3.103662221999969 ], [ -77.964386486999956, -3.102462971999955 ], [ -77.964215111999977, -3.10154922199996 ], [ -77.963301361999982, -3.101035346999936 ], [ -77.962265736999939, -3.100247596999964 ], [ -77.962225111999942, -3.100066721999951 ], [ -77.962096611999982, -3.099494221999976 ], [ -77.961791361999985, -3.098134096999956 ], [ -77.961899111999969, -3.096796971999936 ], [ -77.962455736999971, -3.095803721999971 ], [ -77.96268448699999, -3.095395596999936 ], [ -77.962351986999977, -3.095050096999955 ], [ -77.960518861999958, -3.093971846999978 ], [ -77.95190586199999, -3.090728346999924 ], [ -77.951367111999957, -3.090525346999925 ], [ -77.950308361999987, -3.089514096999949 ], [ -77.950022736999983, -3.089062096999953 ], [ -77.949689611999986, -3.088276846999975 ], [ -77.949427861999936, -3.087372596999955 ], [ -77.948487736999937, -3.083806971999934 ], [ -77.947794486999953, -3.081429596999953 ], [ -77.947181486999966, -3.079327346999946 ], [ -77.947078861999955, -3.076879970999926 ], [ -77.947641111999985, -3.074477345999981 ], [ -77.947332611999968, -3.072538345999931 ], [ -77.946016611999937, -3.071244845999956 ], [ -77.943017611999949, -3.067769470999963 ], [ -77.940754736999963, -3.065473595999947 ], [ -77.840053861999934, -3.008198095999944 ], [ -77.844574236999961, -2.997998095999947 ], [ -77.839554736999958, -2.996175845999971 ], [ -77.838294861999941, -2.995835970999963 ], [ -77.833892611999943, -2.994296845999941 ], [ -77.83367186199996, -2.994298845999936 ], [ -77.832755861999942, -2.993898470999966 ], [ -77.831787111999972, -2.993671845999927 ], [ -77.830413986999986, -2.993101595999974 ], [ -77.829673861999936, -2.992931595999949 ], [ -77.829386736999936, -2.992761720999965 ], [ -77.823386736999964, -2.990826095999978 ], [ -77.822761736999951, -2.990540970999973 ], [ -77.822533236999959, -2.990540970999973 ], [ -77.822415986999943, -2.990427720999946 ], [ -77.819908236999936, -2.989630845999955 ], [ -77.819679736999944, -2.989458970999976 ], [ -77.819160111999963, -2.98934572099995 ], [ -77.818710986999974, -2.989117220999958 ], [ -77.817910111999936, -2.988947220999933 ], [ -77.815107361999935, -2.987921845999949 ], [ -77.814308611999934, -2.987751970999966 ], [ -77.814193236999984, -2.987638720999939 ], [ -77.812943361999942, -2.987296845999936 ], [ -77.808615986999939, -2.986125095999967 ], [ -77.810001736999936, -2.987510845999964 ], [ -77.812106111999981, -2.989615345999937 ], [ -77.813318986999946, -2.990942845999939 ], [ -77.813989361999973, -2.992779470999949 ] ] ] } }
]
}
